depth,instance,algorithm,expansions,solution_length
4,1,BFS,24,4
4,1,DFS,38,38
4,1,UCS,24,4
4,1,IDS,25,4
4,2,BFS,28,4
4,2,DFS,32,32
4,2,UCS,28,4
4,2,IDS,24,4
4,3,BFS,28,4
4,3,DFS,558,558
4,3,UCS,28,4
4,3,IDS,24,4
4,4,BFS,28,4
4,4,DFS,548,548
4,4,UCS,28,4
4,4,IDS,30,4
4,5,BFS,28,4
4,5,DFS,10,10
4,5,UCS,28,4
4,5,IDS,24,4
4,6,BFS,26,4
4,6,DFS,40,40
4,6,UCS,26,4
4,6,IDS,23,4
4,7,BFS,22,4
4,7,DFS,512,512
4,7,UCS,22,4
4,7,IDS,19,4
4,8,BFS,20,4
4,8,DFS,38,38
4,8,UCS,20,4
4,8,IDS,18,4
4,9,BFS,28,4
4,9,DFS,122569,94144
4,9,UCS,28,4
4,9,IDS,24,4
4,10,BFS,20,4
4,10,DFS,548,548
4,10,UCS,20,4
4,10,IDS,18,4
8,1,BFS,172,8
8,1,DFS,1052,1048
8,1,UCS,172,8
8,1,IDS,233,8
8,2,BFS,220,8
8,2,DFS,8101,8036
8,2,UCS,220,8
8,2,IDS,290,8
8,3,BFS,282,8
8,3,DFS,128085,94280
8,3,UCS,282,8
8,3,IDS,403,8
8,4,BFS,328,8
8,4,DFS,33958,33210
8,4,UCS,328,8
8,4,IDS,476,8
8,5,BFS,234,8
8,5,DFS,51542,49844
8,5,UCS,234,8
8,5,IDS,313,8
8,6,BFS,182,8
8,6,DFS,54202,52330
8,6,UCS,182,8
8,6,IDS,243,8
8,7,BFS,242,8
8,7,DFS,584,584
8,7,UCS,242,8
8,7,IDS,342,8
8,8,BFS,205,8
8,8,DFS,38010,37082
8,8,UCS,205,8
8,8,IDS,270,8
8,9,BFS,315,8
8,9,DFS,60226,57624
8,9,UCS,315,8
8,9,IDS,456,8
8,10,BFS,205,8
8,10,DFS,24,24
8,10,UCS,205,8
8,10,IDS,270,8
12,1,BFS,2177,12
12,1,DFS,6000,5944
12,1,UCS,2177,12
12,1,IDS,4192,12
12,2,BFS,1238,12
12,2,DFS,25418,25010
12,2,UCS,1238,12
12,2,IDS,2234,12
12,3,BFS,1539,12
12,3,DFS,50348,48764
12,3,UCS,1539,12
12,3,IDS,2816,12
12,4,BFS,1169,12
12,4,DFS,57342,55200
12,4,UCS,1169,12
12,4,IDS,2123,12
12,5,BFS,1847,12
12,5,DFS,23099,22730
12,5,UCS,1847,12
12,5,IDS,3445,12
12,6,BFS,1797,12
12,6,DFS,78941,73532
12,6,UCS,1797,12
12,6,IDS,3423,12
12,7,BFS,1160,12
12,7,DFS,38868,37952
12,7,UCS,1160,12
12,7,IDS,2113,12
12,8,BFS,1344,12
12,8,DFS,28245,27634
12,8,UCS,1344,12
12,8,IDS,2436,12
12,9,BFS,1384,12
12,9,DFS,22309,21918
12,9,UCS,1384,12
12,9,IDS,2528,12
12,10,BFS,1413,12
12,10,DFS,46444,45100
12,10,UCS,1413,12
12,10,IDS,2581,12
16,1,BFS,11276,16
16,1,DFS,41144,40058
16,1,UCS,11276,16
16,1,IDS,30450,16
16,2,BFS,11138,16
16,2,DFS,44703,43426
16,2,UCS,11138,16
16,2,IDS,29307,16
16,3,BFS,10069,16
16,3,DFS,16623,16402
16,3,UCS,10069,16
16,3,IDS,25971,16
16,4,BFS,9159,16
16,4,DFS,51680,49866
16,4,UCS,9159,16
16,4,IDS,24696,16
16,5,BFS,7475,16
16,5,DFS,6933,6876
16,5,UCS,7475,16
16,5,IDS,18799,16
16,6,BFS,9724,16
16,6,DFS,968,964
16,6,UCS,9724,16
16,6,IDS,25432,16
16,7,BFS,8357,16
16,7,DFS,121645,94026
16,7,UCS,8357,16
16,7,IDS,21027,16
16,8,BFS,7924,16
16,8,DFS,28269,27762
16,8,UCS,7924,16
16,8,IDS,19900,16
16,9,BFS,8873,16
16,9,DFS,22299,21908
16,9,UCS,8873,16
16,9,IDS,22562,16
16,10,BFS,10019,16
16,10,DFS,80,80
16,10,UCS,10019,16
16,10,IDS,26182,16
