depth,algorithm,n,expansions_mean,expansions_median,expansions_min,expansions_max,length_mean,length_min,length_max
4,BFS,10,25.2,27.0,20,28,4,4,4
4,DFS,10,12489.3,276.0,10,122569,9646.8,10,94144
4,UCS,10,25.2,27.0,20,28,4,4,4
4,IDS,10,22.9,24.0,18,30,4,4,4
8,BFS,10,238.5,227.0,172,328,8,8,8
8,DFS,10,37578.4,35984.0,24,128085,33406.2,24,94280
8,UCS,10,238.5,227.0,172,328,8,8,8
8,IDS,10,329.6,301.5,233,476,8,8,8
12,BFS,10,1506.8,1398.5,1160,2177,12,12,12
12,DFS,10,37701.4,33556.5,6000,78941,36378.4,5944,73532
12,UCS,10,1506.8,1398.5,1160,2177,12,12,12
12,IDS,10,2789.1,2554.5,2113,4192,12,12,12
16,BFS,10,9401.4,9441.5,7475,11276,16,16,16
16,DFS,10,33434.4,25284.0,80,121645,30136.8,80,94026
16,UCS,10,9401.4,9441.5,7475,11276,16,16,16
16,IDS,10,24432.6,25064.0,18799,30450,16,16,16
