x,o,opening,winner,plies,moves
αβ fijo d6,αβ fijo d4,33,αβ fijo d4,36,3 3 3 3 1 2 2 2 2 1 0 2 5 6 5 3 5 5 4 4 4 4 4 3 1 1 1 2 4 1 6 6 5 0 5 0
αβ fijo d4,αβ fijo d6,33,αβ fijo d4,37,3 3 3 2 2 3 2 2 3 2 1 5 5 5 5 3 5 1 2 1 1 5 0 1 1 0 0 0 6 4 4 0 0 6 6 4 4
αβ fijo d6,αβ fijo d4,14,αβ fijo d6,37,1 4 4 3 5 5 4 4 1 5 5 3 3 3 3 4 1 1 3 4 1 5 5 2 1 6 0 6 0 0 0 0 0 6 6 2 2
αβ fijo d4,αβ fijo d6,14,αβ fijo d6,36,1 4 5 5 5 5 1 4 4 4 4 0 1 1 0 0 5 0 0 6 6 6 1 4 6 6 1 5 6 0 2 2 2 2 3 3
αβ fijo d6,αβ fijo d4,50,αβ fijo d6,23,5 0 3 2 3 3 5 2 2 1 4 6 2 3 3 5 0 3 2 2 4 4 6
αβ fijo d4,αβ fijo d6,50,αβ fijo d4,35,5 0 3 6 3 3 3 5 5 2 2 2 2 3 5 2 5 5 3 0 0 0 2 1 0 0 1 1 1 1 1 6 6 4 4
αβ fijo d6,αβ fijo d4,12,αβ fijo d6,33,1 2 2 1 2 2 4 4 4 4 1 1 3 1 2 5 5 5 5 6 2 6 1 6 6 6 4 4 5 5 0 3 3
αβ fijo d4,αβ fijo d6,12,empate,42,1 2 1 1 2 2 1 2 2 4 4 6 4 4 5 5 4 1 1 5 5 5 2 4 5 0 0 0 0 6 6 6 0 0 3 3 3 3 3 3 6 6
αβ fijo d6,αβ fijo d4,56,αβ fijo d6,33,5 6 2 4 4 5 4 4 5 5 3 2 2 2 4 5 1 0 0 5 4 1 2 0 1 1 1 1 0 2 0 3 3
αβ fijo d4,αβ fijo d6,56,αβ fijo d4,35,5 6 2 2 3 4 4 6 6 4 6 4 1 0 4 1 6 6 0 2 2 0 0 2 2 4 0 0 5 5 5 1 1 3 3
αβ fijo d6,αβ fijo d4,36,αβ fijo d6,31,3 6 3 3 2 4 2 4 4 2 2 3 1 0 1 0 1 1 3 3 4 2 0 0 2 6 6 1 5 4 4
αβ fijo d4,αβ fijo d6,36,αβ fijo d4,39,3 6 2 4 3 2 3 3 2 2 3 2 3 6 6 6 2 6 1 0 6 1 0 0 0 1 1 0 0 5 5 4 4 4 4 4 1 1 5
