domain,level,instance,config,expansions,depth,b_star
8puzzle,4,8puzzle-4-00,UCS,24,4,1.8667
8puzzle,4,8puzzle-4-00,A*-misplaced,4,4,1.0
8puzzle,4,8puzzle-4-00,A*-manhattan,4,4,1.0
8puzzle,4,8puzzle-4-00,A*-manhattan_x3,4,4,1.0
8puzzle,4,8puzzle-4-01,UCS,28,4,1.9581
8puzzle,4,8puzzle-4-01,A*-misplaced,4,4,1.0
8puzzle,4,8puzzle-4-01,A*-manhattan,4,4,1.0
8puzzle,4,8puzzle-4-01,A*-manhattan_x3,4,4,1.0
8puzzle,4,8puzzle-4-02,UCS,28,4,1.9581
8puzzle,4,8puzzle-4-02,A*-misplaced,5,4,1.0913
8puzzle,4,8puzzle-4-02,A*-manhattan,4,4,1.0
8puzzle,4,8puzzle-4-02,A*-manhattan_x3,4,4,1.0
8puzzle,4,8puzzle-4-03,UCS,28,4,1.9581
8puzzle,4,8puzzle-4-03,A*-misplaced,4,4,1.0
8puzzle,4,8puzzle-4-03,A*-manhattan,4,4,1.0
8puzzle,4,8puzzle-4-03,A*-manhattan_x3,4,4,1.0
8puzzle,4,8puzzle-4-04,UCS,28,4,1.9581
8puzzle,4,8puzzle-4-04,A*-misplaced,4,4,1.0
8puzzle,4,8puzzle-4-04,A*-manhattan,4,4,1.0
8puzzle,4,8puzzle-4-04,A*-manhattan_x3,4,4,1.0
8puzzle,4,8puzzle-4-05,UCS,26,4,1.9138
8puzzle,4,8puzzle-4-05,A*-misplaced,4,4,1.0
8puzzle,4,8puzzle-4-05,A*-manhattan,4,4,1.0
8puzzle,4,8puzzle-4-05,A*-manhattan_x3,4,4,1.0
8puzzle,4,8puzzle-4-06,UCS,22,4,1.8166
8puzzle,4,8puzzle-4-06,A*-misplaced,4,4,1.0
8puzzle,4,8puzzle-4-06,A*-manhattan,4,4,1.0
8puzzle,4,8puzzle-4-06,A*-manhattan_x3,4,4,1.0
8puzzle,4,8puzzle-4-07,UCS,20,4,1.7627
8puzzle,4,8puzzle-4-07,A*-misplaced,4,4,1.0
8puzzle,4,8puzzle-4-07,A*-manhattan,4,4,1.0
8puzzle,4,8puzzle-4-07,A*-manhattan_x3,4,4,1.0
8puzzle,4,8puzzle-4-08,UCS,28,4,1.9581
8puzzle,4,8puzzle-4-08,A*-misplaced,4,4,1.0
8puzzle,4,8puzzle-4-08,A*-manhattan,4,4,1.0
8puzzle,4,8puzzle-4-08,A*-manhattan_x3,4,4,1.0
8puzzle,4,8puzzle-4-09,UCS,20,4,1.7627
8puzzle,4,8puzzle-4-09,A*-misplaced,4,4,1.0
8puzzle,4,8puzzle-4-09,A*-manhattan,4,4,1.0
8puzzle,4,8puzzle-4-09,A*-manhattan_x3,4,4,1.0
8puzzle,8,8puzzle-8-00,UCS,172,8,1.7075
8puzzle,8,8puzzle-8-00,A*-misplaced,16,8,1.153
8puzzle,8,8puzzle-8-00,A*-manhattan,11,8,1.0704
8puzzle,8,8puzzle-8-00,A*-manhattan_x3,11,8,1.0704
8puzzle,8,8puzzle-8-01,UCS,220,8,1.771
8puzzle,8,8puzzle-8-01,A*-misplaced,8,8,1.0
8puzzle,8,8puzzle-8-01,A*-manhattan,8,8,1.0
8puzzle,8,8puzzle-8-01,A*-manhattan_x3,8,8,1.0
8puzzle,8,8puzzle-8-02,UCS,282,8,1.8366
8puzzle,8,8puzzle-8-02,A*-misplaced,18,8,1.1789
8puzzle,8,8puzzle-8-02,A*-manhattan,12,8,1.0896
8puzzle,8,8puzzle-8-02,A*-manhattan_x3,17,8,1.1663
8puzzle,8,8puzzle-8-03,UCS,328,8,1.8773
8puzzle,8,8puzzle-8-03,A*-misplaced,26,8,1.2605
8puzzle,8,8puzzle-8-03,A*-manhattan,12,8,1.0896
8puzzle,8,8puzzle-8-03,A*-manhattan_x3,12,8,1.0896
8puzzle,8,8puzzle-8-04,UCS,234,8,1.7872
8puzzle,8,8puzzle-8-04,A*-misplaced,15,8,1.1388
8puzzle,8,8puzzle-8-04,A*-manhattan,11,8,1.0704
8puzzle,8,8puzzle-8-04,A*-manhattan_x3,10,8,1.0494
8puzzle,8,8puzzle-8-05,UCS,182,8,1.722
8puzzle,8,8puzzle-8-05,A*-misplaced,15,8,1.1388
8puzzle,8,8puzzle-8-05,A*-manhattan,10,8,1.0494
8puzzle,8,8puzzle-8-05,A*-manhattan_x3,8,8,1.0
8puzzle,8,8puzzle-8-06,UCS,242,8,1.796
8puzzle,8,8puzzle-8-06,A*-misplaced,15,8,1.1388
8puzzle,8,8puzzle-8-06,A*-manhattan,10,8,1.0494
8puzzle,8,8puzzle-8-06,A*-manhattan_x3,8,8,1.0
8puzzle,8,8puzzle-8-07,UCS,205,8,1.7526
8puzzle,8,8puzzle-8-07,A*-misplaced,24,8,1.2427
8puzzle,8,8puzzle-8-07,A*-manhattan,15,8,1.1388
8puzzle,8,8puzzle-8-07,A*-manhattan_x3,14,8,1.1236
8puzzle,8,8puzzle-8-08,UCS,315,8,1.8664
8puzzle,8,8puzzle-8-08,A*-misplaced,18,8,1.1789
8puzzle,8,8puzzle-8-08,A*-manhattan,12,8,1.0896
8puzzle,8,8puzzle-8-08,A*-manhattan_x3,17,8,1.1663
8puzzle,8,8puzzle-8-09,UCS,205,8,1.7526
8puzzle,8,8puzzle-8-09,A*-misplaced,24,8,1.2427
8puzzle,8,8puzzle-8-09,A*-manhattan,17,8,1.1663
8puzzle,8,8puzzle-8-09,A*-manhattan_x3,10,8,1.0494
8puzzle,12,8puzzle-12-00,UCS,2177,12,1.7704
8puzzle,12,8puzzle-12-00,A*-misplaced,110,12,1.3183
8puzzle,12,8puzzle-12-00,A*-manhattan,28,12,1.1251
8puzzle,12,8puzzle-12-00,A*-manhattan_x3,35,12,1.1568
8puzzle,12,8puzzle-12-01,UCS,1238,12,1.6789
8puzzle,12,8puzzle-12-01,A*-misplaced,73,12,1.2605
8puzzle,12,8puzzle-12-01,A*-manhattan,12,12,1.0
8puzzle,12,8puzzle-12-01,A*-manhattan_x3,12,12,1.0
8puzzle,12,8puzzle-12-02,UCS,1539,12,1.7138
8puzzle,12,8puzzle-12-02,A*-misplaced,75,12,1.2643
8puzzle,12,8puzzle-12-02,A*-manhattan,23,12,1.0968
8puzzle,12,8puzzle-12-02,A*-manhattan_x3,56,12,1.2232
8puzzle,12,8puzzle-12-03,UCS,1169,12,1.6698
8puzzle,12,8puzzle-12-03,A*-misplaced,82,12,1.2769
8puzzle,12,8puzzle-12-03,A*-manhattan,35,12,1.1568
8puzzle,12,8puzzle-12-03,A*-manhattan_x3,21,12,1.0835
8puzzle,12,8puzzle-12-04,UCS,1847,12,1.7434
8puzzle,12,8puzzle-12-04,A*-misplaced,107,12,1.3144
8puzzle,12,8puzzle-12-04,A*-manhattan,48,12,1.2015
8puzzle,12,8puzzle-12-04,A*-manhattan_x3,60,12,1.2329
8puzzle,12,8puzzle-12-05,UCS,1797,12,1.7389
8puzzle,12,8puzzle-12-05,A*-misplaced,102,12,1.3076
8puzzle,12,8puzzle-12-05,A*-manhattan,27,12,1.1198
8puzzle,12,8puzzle-12-05,A*-manhattan_x3,15,12,1.0339
8puzzle,12,8puzzle-12-06,UCS,1160,12,1.6686
8puzzle,12,8puzzle-12-06,A*-misplaced,108,12,1.3157
8puzzle,12,8puzzle-12-06,A*-manhattan,64,12,1.242
8puzzle,12,8puzzle-12-06,A*-manhattan_x3,51,14,1.1608
8puzzle,12,8puzzle-12-07,UCS,1344,12,1.692
8puzzle,12,8puzzle-12-07,A*-misplaced,105,12,1.3117
8puzzle,12,8puzzle-12-07,A*-manhattan,47,12,1.1985
8puzzle,12,8puzzle-12-07,A*-manhattan_x3,36,12,1.1608
8puzzle,12,8puzzle-12-08,UCS,1384,12,1.6967
8puzzle,12,8puzzle-12-08,A*-misplaced,100,12,1.3049
8puzzle,12,8puzzle-12-08,A*-manhattan,44,12,1.1892
8puzzle,12,8puzzle-12-08,A*-manhattan_x3,25,12,1.1088
8puzzle,12,8puzzle-12-09,UCS,1413,12,1.7001
8puzzle,12,8puzzle-12-09,A*-misplaced,104,12,1.3104
8puzzle,12,8puzzle-12-09,A*-manhattan,45,12,1.1924
8puzzle,12,8puzzle-12-09,A*-manhattan_x3,36,12,1.1608
8puzzle,16,8puzzle-16-00,UCS,11276,16,1.6946
8puzzle,16,8puzzle-16-00,A*-misplaced,685,16,1.3895
8puzzle,16,8puzzle-16-00,A*-manhattan,169,16,1.2479
8puzzle,16,8puzzle-16-00,A*-manhattan_x3,73,18,1.1341
8puzzle,16,8puzzle-16-01,UCS,11138,16,1.6931
8puzzle,16,8puzzle-16-01,A*-misplaced,477,16,1.3525
8puzzle,16,8puzzle-16-01,A*-manhattan,57,16,1.138
8puzzle,16,8puzzle-16-01,A*-manhattan_x3,179,16,1.2536
8puzzle,16,8puzzle-16-02,UCS,10069,16,1.6814
8puzzle,16,8puzzle-16-02,A*-misplaced,633,16,1.3814
8puzzle,16,8puzzle-16-02,A*-manhattan,192,16,1.2607
8puzzle,16,8puzzle-16-02,A*-manhattan_x3,64,18,1.1222
8puzzle,16,8puzzle-16-03,UCS,9159,16,1.6705
8puzzle,16,8puzzle-16-03,A*-misplaced,682,16,1.389
8puzzle,16,8puzzle-16-03,A*-manhattan,151,16,1.2366
8puzzle,16,8puzzle-16-03,A*-manhattan_x3,383,20,1.2413
8puzzle,16,8puzzle-16-04,UCS,7475,16,1.6472
8puzzle,16,8puzzle-16-04,A*-misplaced,608,16,1.3772
8puzzle,16,8puzzle-16-04,A*-manhattan,184,16,1.2564
8puzzle,16,8puzzle-16-04,A*-manhattan_x3,239,16,1.2826
8puzzle,16,8puzzle-16-05,UCS,9724,16,1.6774
8puzzle,16,8puzzle-16-05,A*-misplaced,483,16,1.3537
8puzzle,16,8puzzle-16-05,A*-manhattan,91,16,1.1856
8puzzle,16,8puzzle-16-05,A*-manhattan_x3,153,22,1.1476
8puzzle,16,8puzzle-16-06,UCS,8357,16,1.66
8puzzle,16,8puzzle-16-06,A*-misplaced,536,16,1.3643
8puzzle,16,8puzzle-16-06,A*-manhattan,128,16,1.22
8puzzle,16,8puzzle-16-06,A*-manhattan_x3,166,16,1.2461
8puzzle,16,8puzzle-16-07,UCS,7924,16,1.6539
8puzzle,16,8puzzle-16-07,A*-misplaced,516,16,1.3605
8puzzle,16,8puzzle-16-07,A*-manhattan,99,16,1.1941
8puzzle,16,8puzzle-16-07,A*-manhattan_x3,261,24,1.1632
8puzzle,16,8puzzle-16-08,UCS,8873,16,1.6668
8puzzle,16,8puzzle-16-08,A*-misplaced,566,16,1.3699
8puzzle,16,8puzzle-16-08,A*-manhattan,129,16,1.2208
8puzzle,16,8puzzle-16-08,A*-manhattan_x3,208,20,1.1943
8puzzle,16,8puzzle-16-09,UCS,10019,16,1.6808
8puzzle,16,8puzzle-16-09,A*-misplaced,529,16,1.363
8puzzle,16,8puzzle-16-09,A*-manhattan,116,16,1.2101
8puzzle,16,8puzzle-16-09,A*-manhattan_x3,82,16,1.1751
grid,5,grid-5-00,UCS,10,5,1.2407
grid,5,grid-5-00,A*-manhattan,10,5,1.2407
grid,5,grid-5-00,A*-manhattan_x3,5,5,1.0
grid,5,grid-5-01,UCS,19,4,1.7341
grid,5,grid-5-01,A*-manhattan,12,4,1.4922
grid,5,grid-5-01,A*-manhattan_x3,4,4,1.0
grid,5,grid-5-02,UCS,6,3,1.3892
grid,5,grid-5-02,A*-manhattan,4,3,1.1509
grid,5,grid-5-02,A*-manhattan_x3,3,3,1.0
grid,5,grid-5-03,UCS,13,6,1.2261
grid,5,grid-5-03,A*-manhattan,10,6,1.148
grid,5,grid-5-03,A*-manhattan_x3,10,4,1.4026
grid,5,grid-5-04,UCS,18,6,1.3253
grid,5,grid-5-04,A*-manhattan,12,6,1.2021
grid,5,grid-5-04,A*-manhattan_x3,5,4,1.0913
grid,5,grid-5-05,UCS,18,6,1.3253
grid,5,grid-5-05,A*-manhattan,9,6,1.1171
grid,5,grid-5-05,A*-manhattan_x3,7,6,1.0442
grid,5,grid-5-06,UCS,17,6,1.3076
grid,5,grid-5-06,A*-manhattan,13,6,1.2261
grid,5,grid-5-06,A*-manhattan_x3,6,6,1.0
grid,5,grid-5-07,UCS,15,4,1.6067
grid,5,grid-5-07,A*-manhattan,4,4,1.0
grid,5,grid-5-07,A*-manhattan_x3,4,4,1.0
grid,5,grid-5-08,UCS,7,2,2.1926
grid,5,grid-5-08,A*-manhattan,3,2,1.3028
grid,5,grid-5-08,A*-manhattan_x3,2,2,1.0
grid,5,grid-5-09,UCS,16,5,1.4166
grid,5,grid-5-09,A*-manhattan,9,5,1.2028
grid,5,grid-5-09,A*-manhattan_x3,5,5,1.0
grid,8,grid-8-00,UCS,57,9,1.3623
grid,8,grid-8-00,A*-manhattan,24,9,1.1924
grid,8,grid-8-00,A*-manhattan_x3,9,9,1.0
grid,8,grid-8-01,UCS,50,9,1.3362
grid,8,grid-8-01,A*-manhattan,15,9,1.1008
grid,8,grid-8-01,A*-manhattan_x3,9,9,1.0
grid,8,grid-8-02,UCS,52,10,1.2889
grid,8,grid-8-02,A*-manhattan,36,10,1.2251
grid,8,grid-8-02,A*-manhattan_x3,16,10,1.0839
grid,8,grid-8-03,UCS,53,12,1.2154
grid,8,grid-8-03,A*-manhattan,35,12,1.1568
grid,8,grid-8-03,A*-manhattan_x3,18,12,1.061
grid,8,grid-8-04,UCS,55,9,1.3552
grid,8,grid-8-04,A*-manhattan,26,9,1.208
grid,8,grid-8-04,A*-manhattan_x3,9,9,1.0
grid,8,grid-8-05,UCS,50,13,1.1805
grid,8,grid-8-05,A*-manhattan,36,13,1.1379
grid,8,grid-8-05,A*-manhattan_x3,12,11,1.0144
grid,8,grid-8-06,UCS,35,6,1.5382
grid,8,grid-8-06,A*-manhattan,20,6,1.358
grid,8,grid-8-06,A*-manhattan_x3,6,6,1.0
grid,8,grid-8-07,UCS,56,9,1.3588
grid,8,grid-8-07,A*-manhattan,27,9,1.2153
grid,8,grid-8-07,A*-manhattan_x3,9,9,1.0
grid,8,grid-8-08,UCS,34,8,1.3207
grid,8,grid-8-08,A*-manhattan,12,8,1.0896
grid,8,grid-8-08,A*-manhattan_x3,8,8,1.0
grid,8,grid-8-09,UCS,22,6,1.388
grid,8,grid-8-09,A*-manhattan,10,6,1.148
grid,8,grid-8-09,A*-manhattan_x3,7,6,1.0442
grid,12,grid-12-00,UCS,96,11,1.3423
grid,12,grid-12-00,A*-manhattan,31,11,1.1659
grid,12,grid-12-00,A*-manhattan_x3,12,11,1.0144
grid,12,grid-12-01,UCS,60,5,1.9843
grid,12,grid-12-01,A*-manhattan,19,5,1.484
grid,12,grid-12-01,A*-manhattan_x3,7,5,1.1143
grid,12,grid-12-02,UCS,122,14,1.2636
grid,12,grid-12-02,A*-manhattan,59,14,1.1781
grid,12,grid-12-02,A*-manhattan_x3,19,14,1.0398
grid,12,grid-12-03,UCS,82,9,1.4354
grid,12,grid-12-03,A*-manhattan,29,9,1.2292
grid,12,grid-12-03,A*-manhattan_x3,12,9,1.0571
grid,12,grid-12-04,UCS,37,5,1.7625
grid,12,grid-12-04,A*-manhattan,9,5,1.2028
grid,12,grid-12-04,A*-manhattan_x3,8,5,1.161
grid,12,grid-12-05,UCS,87,7,1.6673
grid,12,grid-12-05,A*-manhattan,26,7,1.3337
grid,12,grid-12-05,A*-manhattan_x3,8,7,1.0334
grid,12,grid-12-06,UCS,110,13,1.2816
grid,12,grid-12-06,A*-manhattan,40,13,1.1516
grid,12,grid-12-06,A*-manhattan_x3,13,13,1.0
grid,12,grid-12-07,UCS,86,12,1.2836
grid,12,grid-12-07,A*-manhattan,26,12,1.1144
grid,12,grid-12-07,A*-manhattan_x3,13,12,1.0123
grid,12,grid-12-08,UCS,74,10,1.3507
grid,12,grid-12-08,A*-manhattan,19,10,1.1141
grid,12,grid-12-08,A*-manhattan_x3,10,10,1.0
grid,12,grid-12-09,UCS,74,11,1.3014
grid,12,grid-12-09,A*-manhattan,19,11,1.0888
grid,12,grid-12-09,A*-manhattan_x3,11,11,1.0
grid,16,grid-16-00,UCS,186,16,1.2575
grid,16,grid-16-00,A*-manhattan,69,16,1.1576
grid,16,grid-16-00,A*-manhattan_x3,16,16,1.0
grid,16,grid-16-01,UCS,205,19,1.2081
grid,16,grid-16-01,A*-manhattan,74,19,1.1235
grid,16,grid-16-01,A*-manhattan_x3,19,17,1.0122
grid,16,grid-16-02,UCS,245,18,1.2407
grid,16,grid-16-02,A*-manhattan,102,18,1.1639
grid,16,grid-16-02,A*-manhattan_x3,18,18,1.0
grid,16,grid-16-03,UCS,220,20,1.1986
grid,16,grid-16-03,A*-manhattan,116,20,1.1488
grid,16,grid-16-03,A*-manhattan_x3,29,18,1.0482
grid,16,grid-16-04,UCS,167,20,1.1772
grid,16,grid-16-04,A*-manhattan,60,20,1.096
grid,16,grid-16-04,A*-manhattan_x3,22,20,1.009
grid,16,grid-16-05,UCS,152,12,1.3643
grid,16,grid-16-05,A*-manhattan,40,12,1.1758
grid,16,grid-16-05,A*-manhattan_x3,13,12,1.0123
grid,16,grid-16-06,UCS,203,12,1.4059
grid,16,grid-16-06,A*-manhattan,68,12,1.2505
grid,16,grid-16-06,A*-manhattan_x3,17,12,1.0525
grid,16,grid-16-07,UCS,152,18,1.199
grid,16,grid-16-07,A*-manhattan,62,18,1.1194
grid,16,grid-16-07,A*-manhattan_x3,18,18,1.0
grid,16,grid-16-08,UCS,168,13,1.3362
grid,16,grid-16-08,A*-manhattan,38,13,1.145
grid,16,grid-16-08,A*-manhattan_x3,13,13,1.0
grid,16,grid-16-09,UCS,144,15,1.2553
grid,16,grid-16-09,A*-manhattan,42,15,1.1207
grid,16,grid-16-09,A*-manhattan_x3,16,15,1.008
