domain,level,config,n,b_star_median,b_star_q1,b_star_q3
8puzzle,4,UCS,10,1.93595,1.829125,1.9581
8puzzle,4,A*-misplaced,10,1.0,1.0,1.0
8puzzle,4,A*-manhattan,10,1.0,1.0,1.0
8puzzle,4,A*-manhattan_x3,10,1.0,1.0,1.0
8puzzle,8,UCS,10,1.7791,1.7526,1.82645
8puzzle,8,A*-misplaced,10,1.16595,1.1388,1.22675
8puzzle,8,A*-manhattan,10,1.08,1.05465,1.0896
8puzzle,8,A*-manhattan_x3,10,1.0599,1.01235,1.1151
8puzzle,12,UCS,10,1.6984,1.682175,1.7326249999999999
8puzzle,12,A*-misplaced,10,1.3090000000000002,1.2839,1.313725
8puzzle,12,A*-manhattan,10,1.173,1.121125,1.196975
8puzzle,12,A*-manhattan_x3,10,1.1588,1.0898249999999998,1.1608
8puzzle,16,UCS,10,1.67395,1.6617,1.68125
8puzzle,16,A*-misplaced,10,1.3671,1.361125,1.38035
8puzzle,16,A*-manhattan,10,1.2204000000000002,1.1981,1.245075
8puzzle,16,A*-manhattan_x3,10,1.1846999999999999,1.1515,1.2449
grid,5,UCS,10,1.35725,1.312025,1.559175
grid,5,A*-manhattan,10,1.20245,1.148725,1.23705
grid,5,A*-manhattan_x3,10,1.0,1.0,1.03315
grid,8,UCS,10,1.3457,1.29685,1.361425
grid,8,A*-manhattan,10,1.1745999999999999,1.140425,1.213475
grid,8,A*-manhattan_x3,10,1.0,1.0,1.03675
grid,12,UCS,10,1.3465,1.2880500000000001,1.6093250000000001
grid,12,A*-manhattan,10,1.172,1.1237,1.2226000000000001
grid,12,A*-manhattan_x3,10,1.0239,1.003075,1.052775
grid,16,UCS,10,1.248,1.201275,1.316525
grid,16,A*-manhattan,10,1.1469,1.1214,1.162325
grid,16,A*-manhattan_x3,10,1.0085,1.0,1.012275
