instance,exp_misplaced,exp_manhattan,ok
8puzzle-4-00,4,4,True
8puzzle-4-01,4,4,True
8puzzle-4-02,5,4,True
8puzzle-4-03,4,4,True
8puzzle-4-04,4,4,True
8puzzle-4-05,4,4,True
8puzzle-4-06,4,4,True
8puzzle-4-07,4,4,True
8puzzle-4-08,4,4,True
8puzzle-4-09,4,4,True
8puzzle-8-00,16,11,True
8puzzle-8-01,8,8,True
8puzzle-8-02,18,12,True
8puzzle-8-03,26,12,True
8puzzle-8-04,15,11,True
8puzzle-8-05,15,10,True
8puzzle-8-06,15,10,True
8puzzle-8-07,24,15,True
8puzzle-8-08,18,12,True
8puzzle-8-09,24,17,True
8puzzle-12-00,110,28,True
8puzzle-12-01,73,12,True
8puzzle-12-02,75,23,True
8puzzle-12-03,82,35,True
8puzzle-12-04,107,48,True
8puzzle-12-05,102,27,True
8puzzle-12-06,108,64,True
8puzzle-12-07,105,47,True
8puzzle-12-08,100,44,True
8puzzle-12-09,104,45,True
8puzzle-16-00,685,169,True
8puzzle-16-01,477,57,True
8puzzle-16-02,633,192,True
8puzzle-16-03,682,151,True
8puzzle-16-04,608,184,True
8puzzle-16-05,483,91,True
8puzzle-16-06,536,128,True
8puzzle-16-07,516,99,True
8puzzle-16-08,566,129,True
8puzzle-16-09,529,116,True
