domain,level,instance,cost_opt,cost_x3,ratio_costo,exp_manhattan,exp_x3,speedup,seconds_manhattan,seconds_x3,speedup_seconds
8puzzle,4,8puzzle-4-00,4,4,1.0,4,4,1.0,0.000198,0.000192,1.03125
8puzzle,4,8puzzle-4-01,4,4,1.0,4,4,1.0,0.000167,0.000185,0.9027027027027027
8puzzle,4,8puzzle-4-02,4,4,1.0,4,4,1.0,0.000178,0.000176,1.0113636363636362
8puzzle,4,8puzzle-4-03,4,4,1.0,4,4,1.0,0.000192,0.000146,1.315068493150685
8puzzle,4,8puzzle-4-04,4,4,1.0,4,4,1.0,6.2e-05,6.1e-05,1.0163934426229508
8puzzle,4,8puzzle-4-05,4,4,1.0,4,4,1.0,6e-05,6e-05,1.0
8puzzle,4,8puzzle-4-06,4,4,1.0,4,4,1.0,0.000205,0.000182,1.1263736263736264
8puzzle,4,8puzzle-4-07,4,4,1.0,4,4,1.0,0.000115,7.1e-05,1.6197183098591548
8puzzle,4,8puzzle-4-08,4,4,1.0,4,4,1.0,0.000347,0.000187,1.855614973262032
8puzzle,4,8puzzle-4-09,4,4,1.0,4,4,1.0,0.000234,0.000171,1.3684210526315788
8puzzle,8,8puzzle-8-00,8,8,1.0,11,11,1.0,0.000452,0.000347,1.302593659942363
8puzzle,8,8puzzle-8-01,8,8,1.0,8,8,1.0,0.000375,0.000273,1.3736263736263736
8puzzle,8,8puzzle-8-02,8,8,1.0,12,17,0.7058823529411765,0.000424,0.000512,0.828125
8puzzle,8,8puzzle-8-03,8,8,1.0,12,12,1.0,0.000581,0.000398,1.4597989949748744
8puzzle,8,8puzzle-8-04,8,8,1.0,11,10,1.1,0.000262,0.000499,0.5250501002004009
8puzzle,8,8puzzle-8-05,8,8,1.0,10,8,1.25,0.000391,0.000336,1.1636904761904763
8puzzle,8,8puzzle-8-06,8,8,1.0,10,8,1.25,0.000387,0.000338,1.1449704142011834
8puzzle,8,8puzzle-8-07,8,8,1.0,15,14,1.0714285714285714,0.000624,0.000165,3.7818181818181817
8puzzle,8,8puzzle-8-08,8,8,1.0,12,17,0.7058823529411765,0.000839,0.000536,1.5652985074626866
8puzzle,8,8puzzle-8-09,8,8,1.0,17,10,1.7,0.000415,0.000351,1.1823361823361822
8puzzle,12,8puzzle-12-00,12,12,1.0,28,35,0.8,0.000318,0.000544,0.5845588235294117
8puzzle,12,8puzzle-12-01,12,12,1.0,12,12,1.0,0.000379,0.00042,0.9023809523809523
8puzzle,12,8puzzle-12-02,12,12,1.0,23,56,0.4107142857142857,0.000231,0.001425,0.16210526315789472
8puzzle,12,8puzzle-12-03,12,12,1.0,35,21,1.6666666666666667,0.000864,0.000605,1.428099173553719
8puzzle,12,8puzzle-12-04,12,12,1.0,48,60,0.8,0.001005,0.00124,0.810483870967742
8puzzle,12,8puzzle-12-05,12,12,1.0,27,15,1.8,0.001127,0.000344,3.2761627906976742
8puzzle,12,8puzzle-12-06,12,14,1.1666666666666667,64,51,1.2549019607843137,0.000602,0.001503,0.40053226879574183
8puzzle,12,8puzzle-12-07,12,12,1.0,47,36,1.3055555555555556,0.002021,0.000933,2.166130760986066
8puzzle,12,8puzzle-12-08,12,12,1.0,44,25,1.76,0.000932,0.00071,1.3126760563380282
8puzzle,12,8puzzle-12-09,12,12,1.0,45,36,1.25,0.000479,0.000835,0.5736526946107784
8puzzle,16,8puzzle-16-00,16,18,1.125,169,73,2.315068493150685,0.003225,0.001543,2.0900842514581983
8puzzle,16,8puzzle-16-01,16,16,1.0,57,179,0.31843575418994413,0.001217,0.003073,0.3960299381711682
8puzzle,16,8puzzle-16-02,16,18,1.125,192,64,3.0,0.004132,0.000568,7.274647887323944
8puzzle,16,8puzzle-16-03,16,20,1.25,151,383,0.39425587467362927,0.002112,0.007502,0.28152492668621704
8puzzle,16,8puzzle-16-04,16,16,1.0,184,239,0.7698744769874477,0.003239,0.003896,0.8313655030800822
8puzzle,16,8puzzle-16-05,16,22,1.375,91,153,0.5947712418300654,0.001865,0.004313,0.4324136332019476
8puzzle,16,8puzzle-16-06,16,16,1.0,128,166,0.7710843373493976,0.001723,0.003154,0.546290424857324
8puzzle,16,8puzzle-16-07,16,24,1.5,99,261,0.3793103448275862,0.001843,0.004495,0.4100111234705228
8puzzle,16,8puzzle-16-08,16,20,1.25,129,208,0.6201923076923077,0.001223,0.003906,0.3131080389144905
8puzzle,16,8puzzle-16-09,16,16,1.0,116,82,1.4146341463414633,0.003358,0.001615,2.0792569659442726
grid,5,grid-5-00,7,7,1.0,10,5,2.0,0.000202,0.000123,1.6422764227642275
grid,5,grid-5-01,6,6,1.0,12,4,3.0,0.000272,0.0001,2.7199999999999998
grid,5,grid-5-02,3,3,1.0,4,3,1.3333333333333333,0.000119,0.000121,0.9834710743801653
grid,5,grid-5-03,8,11,1.375,10,10,1.0,0.000253,0.000227,1.114537444933921
grid,5,grid-5-04,10,13,1.3,12,5,2.4,0.000245,0.000143,1.7132867132867131
grid,5,grid-5-05,6,6,1.0,9,7,1.2857142857142858,0.000198,0.000183,1.081967213114754
grid,5,grid-5-06,6,6,1.0,13,6,2.1666666666666665,0.000264,0.000136,1.9411764705882355
grid,5,grid-5-07,4,4,1.0,4,4,1.0,0.000143,0.000145,0.9862068965517242
grid,5,grid-5-08,2,2,1.0,3,2,1.5,9.4e-05,0.000103,0.9126213592233009
grid,5,grid-5-09,5,5,1.0,9,5,1.8,0.000199,0.000153,1.3006535947712419
grid,8,grid-8-00,13,13,1.0,24,9,2.6666666666666665,0.000179,8.4e-05,2.130952380952381
grid,8,grid-8-01,9,13,1.4444444444444444,15,9,1.6666666666666667,0.000357,8e-05,4.4624999999999995
grid,8,grid-8-02,23,23,1.0,36,16,2.25,0.000445,0.00023,1.934782608695652
grid,8,grid-8-03,14,14,1.0,35,18,1.9444444444444444,0.000725,0.000301,2.4086378737541527
grid,8,grid-8-04,11,13,1.1818181818181819,26,9,2.888888888888889,0.000569,0.000246,2.3130081300813004
grid,8,grid-8-05,17,19,1.1176470588235294,36,12,3.0,0.000716,0.000313,2.287539936102236
grid,8,grid-8-06,8,8,1.0,20,6,3.3333333333333335,0.000443,0.000531,0.8342749529190207
grid,8,grid-8-07,11,13,1.1818181818181819,27,9,3.0,0.001515,0.000337,4.4955489614243325
grid,8,grid-8-08,8,12,1.5,12,8,1.5,0.00029,0.000216,1.3425925925925926
grid,8,grid-8-09,10,10,1.0,10,7,1.4285714285714286,0.000258,0.000157,1.6433121019108279
grid,12,grid-12-00,13,19,1.4615384615384615,31,12,2.5833333333333335,0.000432,0.000316,1.3670886075949367
grid,12,grid-12-01,9,9,1.0,19,7,2.7142857142857144,0.000153,0.000239,0.6401673640167364
grid,12,grid-12-02,16,16,1.0,59,19,3.1052631578947367,0.000961,0.000153,6.281045751633987
grid,12,grid-12-03,13,13,1.0,29,12,2.4166666666666665,0.000648,0.000187,3.4652406417112305
grid,12,grid-12-04,5,5,1.0,9,8,1.125,0.000218,0.0002,1.09
grid,12,grid-12-05,11,11,1.0,26,8,3.25,0.000199,0.000235,0.846808510638298
grid,12,grid-12-06,17,17,1.0,40,13,3.076923076923077,0.00094,0.000193,4.870466321243523
grid,12,grid-12-07,14,14,1.0,26,13,2.0,0.000377,0.000391,0.9641943734015345
grid,12,grid-12-08,12,12,1.0,19,10,1.9,0.000418,0.000296,1.4121621621621623
grid,12,grid-12-09,11,13,1.1818181818181819,19,11,1.7272727272727273,0.000432,9.6e-05,4.5
grid,16,grid-16-00,20,20,1.0,69,16,4.3125,0.000456,0.000143,3.1888111888111887
grid,16,grid-16-01,19,21,1.105263157894737,74,19,3.8947368421052633,0.000546,0.00046,1.1869565217391305
grid,16,grid-16-02,24,24,1.0,102,18,5.666666666666667,0.001504,0.00016,9.399999999999999
grid,16,grid-16-03,24,33,1.375,116,29,4.0,0.000778,0.000228,3.412280701754386
grid,16,grid-16-04,26,26,1.0,60,22,2.727272727272727,0.000378,0.000177,2.135593220338983
grid,16,grid-16-05,14,14,1.0,40,13,3.076923076923077,0.000692,0.000124,5.580645161290322
grid,16,grid-16-06,18,22,1.2222222222222223,68,17,4.0,0.001194,0.000446,2.6771300448430493
grid,16,grid-16-07,22,22,1.0,62,18,3.4444444444444446,0.000832,0.000155,5.3677419354838705
grid,16,grid-16-08,17,17,1.0,38,13,2.923076923076923,0.000646,0.000117,5.521367521367521
grid,16,grid-16-09,19,25,1.3157894736842106,42,16,2.625,0.000658,0.000385,1.709090909090909
