domain,level,instance,cost_A*-manhattan,cost_A*-manhattan_x3,cost_A*-misplaced,cost_BFS,cost_DFS,cost_IDS,cost_UCS,astar_admisible_igual_ucs,admisibles_medidos,bfs_sobrecosto
8puzzle,4,8puzzle-4-00,4,4,4,4,38,4,4,True,A*-misplaced+A*-manhattan,0
8puzzle,4,8puzzle-4-01,4,4,4,4,32,4,4,True,A*-misplaced+A*-manhattan,0
8puzzle,4,8puzzle-4-02,4,4,4,4,558,4,4,True,A*-misplaced+A*-manhattan,0
8puzzle,4,8puzzle-4-03,4,4,4,4,548,4,4,True,A*-misplaced+A*-manhattan,0
8puzzle,4,8puzzle-4-04,4,4,4,4,10,4,4,True,A*-misplaced+A*-manhattan,0
8puzzle,4,8puzzle-4-05,4,4,4,4,40,4,4,True,A*-misplaced+A*-manhattan,0
8puzzle,4,8puzzle-4-06,4,4,4,4,512,4,4,True,A*-misplaced+A*-manhattan,0
8puzzle,4,8puzzle-4-07,4,4,4,4,38,4,4,True,A*-misplaced+A*-manhattan,0
8puzzle,4,8puzzle-4-08,4,4,4,4,94144,4,4,True,A*-misplaced+A*-manhattan,0
8puzzle,4,8puzzle-4-09,4,4,4,4,548,4,4,True,A*-misplaced+A*-manhattan,0
8puzzle,8,8puzzle-8-00,8,8,8,8,1048,8,8,True,A*-misplaced+A*-manhattan,0
8puzzle,8,8puzzle-8-01,8,8,8,8,8036,8,8,True,A*-misplaced+A*-manhattan,0
8puzzle,8,8puzzle-8-02,8,8,8,8,94280,8,8,True,A*-misplaced+A*-manhattan,0
8puzzle,8,8puzzle-8-03,8,8,8,8,33210,8,8,True,A*-misplaced+A*-manhattan,0
8puzzle,8,8puzzle-8-04,8,8,8,8,49844,8,8,True,A*-misplaced+A*-manhattan,0
8puzzle,8,8puzzle-8-05,8,8,8,8,52330,8,8,True,A*-misplaced+A*-manhattan,0
8puzzle,8,8puzzle-8-06,8,8,8,8,584,8,8,True,A*-misplaced+A*-manhattan,0
8puzzle,8,8puzzle-8-07,8,8,8,8,37082,8,8,True,A*-misplaced+A*-manhattan,0
8puzzle,8,8puzzle-8-08,8,8,8,8,57624,8,8,True,A*-misplaced+A*-manhattan,0
8puzzle,8,8puzzle-8-09,8,8,8,8,24,8,8,True,A*-misplaced+A*-manhattan,0
8puzzle,12,8puzzle-12-00,12,12,12,12,5944,12,12,True,A*-misplaced+A*-manhattan,0
8puzzle,12,8puzzle-12-01,12,12,12,12,25010,12,12,True,A*-misplaced+A*-manhattan,0
8puzzle,12,8puzzle-12-02,12,12,12,12,48764,12,12,True,A*-misplaced+A*-manhattan,0
8puzzle,12,8puzzle-12-03,12,12,12,12,55200,12,12,True,A*-misplaced+A*-manhattan,0
8puzzle,12,8puzzle-12-04,12,12,12,12,22730,12,12,True,A*-misplaced+A*-manhattan,0
8puzzle,12,8puzzle-12-05,12,12,12,12,73532,12,12,True,A*-misplaced+A*-manhattan,0
8puzzle,12,8puzzle-12-06,12,14,12,12,37952,12,12,True,A*-misplaced+A*-manhattan,0
8puzzle,12,8puzzle-12-07,12,12,12,12,27634,12,12,True,A*-misplaced+A*-manhattan,0
8puzzle,12,8puzzle-12-08,12,12,12,12,21918,12,12,True,A*-misplaced+A*-manhattan,0
8puzzle,12,8puzzle-12-09,12,12,12,12,45100,12,12,True,A*-misplaced+A*-manhattan,0
8puzzle,16,8puzzle-16-00,16,18,16,16,40058,16,16,True,A*-misplaced+A*-manhattan,0
8puzzle,16,8puzzle-16-01,16,16,16,16,43426,16,16,True,A*-misplaced+A*-manhattan,0
8puzzle,16,8puzzle-16-02,16,18,16,16,16402,16,16,True,A*-misplaced+A*-manhattan,0
8puzzle,16,8puzzle-16-03,16,20,16,16,49866,16,16,True,A*-misplaced+A*-manhattan,0
8puzzle,16,8puzzle-16-04,16,16,16,16,6876,16,16,True,A*-misplaced+A*-manhattan,0
8puzzle,16,8puzzle-16-05,16,22,16,16,964,16,16,True,A*-misplaced+A*-manhattan,0
8puzzle,16,8puzzle-16-06,16,16,16,16,94026,16,16,True,A*-misplaced+A*-manhattan,0
8puzzle,16,8puzzle-16-07,16,24,16,16,27762,16,16,True,A*-misplaced+A*-manhattan,0
8puzzle,16,8puzzle-16-08,16,20,16,16,21908,16,16,True,A*-misplaced+A*-manhattan,0
8puzzle,16,8puzzle-16-09,16,16,16,16,80,16,16,True,A*-misplaced+A*-manhattan,0
grid,5,grid-5-00,7,7,,7,43,7,7,True,A*-manhattan,0
grid,5,grid-5-01,6,6,,6,29,6,6,True,A*-manhattan,0
grid,5,grid-5-02,3,3,,5,20,5,3,True,A*-manhattan,2
grid,5,grid-5-03,8,11,,11,53,11,8,True,A*-manhattan,3
grid,5,grid-5-04,10,13,,13,13,13,10,True,A*-manhattan,3
grid,5,grid-5-05,6,6,,8,46,8,6,True,A*-manhattan,2
grid,5,grid-5-06,6,6,,6,32,6,6,True,A*-manhattan,0
grid,5,grid-5-07,4,4,,4,13,4,4,True,A*-manhattan,0
grid,5,grid-5-08,2,2,,2,8,2,2,True,A*-manhattan,0
grid,5,grid-5-09,5,5,,7,32,7,5,True,A*-manhattan,2
grid,8,grid-8-00,13,13,,15,85,15,13,True,A*-manhattan,2
grid,8,grid-8-01,9,13,,13,87,13,9,True,A*-manhattan,4
grid,8,grid-8-02,23,23,,35,124,35,23,True,A*-manhattan,12
grid,8,grid-8-03,14,14,,28,88,28,14,True,A*-manhattan,14
grid,8,grid-8-04,11,13,,15,102,15,11,True,A*-manhattan,4
grid,8,grid-8-05,17,19,,46,111,46,17,True,A*-manhattan,29
grid,8,grid-8-06,8,8,,13,35,13,8,True,A*-manhattan,5
grid,8,grid-8-07,11,13,,22,69,22,11,True,A*-manhattan,11
grid,8,grid-8-08,8,12,,16,38,16,8,True,A*-manhattan,8
grid,8,grid-8-09,10,10,,17,86,17,10,True,A*-manhattan,7
grid,12,grid-12-00,13,19,,13,236,13,13,True,A*-manhattan,0
grid,12,grid-12-01,9,9,,12,19,12,9,True,A*-manhattan,3
grid,12,grid-12-02,16,16,,32,249,32,16,True,A*-manhattan,16
grid,12,grid-12-03,13,13,,25,145,25,13,True,A*-manhattan,12
grid,12,grid-12-04,5,5,,12,63,12,5,True,A*-manhattan,7
grid,12,grid-12-05,11,11,,11,127,11,11,True,A*-manhattan,0
grid,12,grid-12-06,17,17,,26,262,26,17,True,A*-manhattan,9
grid,12,grid-12-07,14,14,,39,200,39,14,True,A*-manhattan,25
grid,12,grid-12-08,12,12,,23,177,23,12,True,A*-manhattan,11
grid,12,grid-12-09,11,13,,32,190,32,11,True,A*-manhattan,21
grid,16,grid-16-00,20,20,,27,382,timeout,20,True,A*-manhattan,7
grid,16,grid-16-01,19,21,,46,308,timeout,19,True,A*-manhattan,27
grid,16,grid-16-02,24,24,,30,336,timeout,24,True,A*-manhattan,6
grid,16,grid-16-03,24,33,,45,512,timeout,24,True,A*-manhattan,21
grid,16,grid-16-04,26,26,,48,428,timeout,26,True,A*-manhattan,22
grid,16,grid-16-05,14,14,,28,314,28,14,True,A*-manhattan,14
grid,16,grid-16-06,18,22,,34,253,34,18,True,A*-manhattan,16
grid,16,grid-16-07,22,22,,40,328,timeout,22,True,A*-manhattan,18
grid,16,grid-16-08,17,17,,28,307,28,17,True,A*-manhattan,11
grid,16,grid-16-09,19,25,,25,146,25,19,True,A*-manhattan,6
