domain,level,instance,algorithm,heuristic,config,status,cost,length,expansions,max_frontier,seconds,timeout_s
8puzzle,4,8puzzle-4-00,bfs,,BFS,solved,4,4,24,20,0.000113,30.0
8puzzle,4,8puzzle-4-00,dfs,,DFS,solved,38,38,38,37,0.000352,30.0
8puzzle,4,8puzzle-4-00,ucs,,UCS,solved,4,4,24,20,0.000318,30.0
8puzzle,4,8puzzle-4-00,ids,,IDS,solved,4,4,25,5,0.000275,30.0
8puzzle,4,8puzzle-4-00,astar,misplaced,A*-misplaced,solved,4,4,4,6,0.000129,30.0
8puzzle,4,8puzzle-4-00,astar,manhattan,A*-manhattan,solved,4,4,4,6,0.000198,30.0
8puzzle,4,8puzzle-4-00,astar,manhattan_x3,A*-manhattan_x3,solved,4,4,4,6,0.000192,30.0
8puzzle,4,8puzzle-4-01,bfs,,BFS,solved,4,4,28,18,0.000321,30.0
8puzzle,4,8puzzle-4-01,dfs,,DFS,solved,32,32,32,28,0.000353,30.0
8puzzle,4,8puzzle-4-01,ucs,,UCS,solved,4,4,28,18,0.000369,30.0
8puzzle,4,8puzzle-4-01,ids,,IDS,solved,4,4,24,5,0.000358,30.0
8puzzle,4,8puzzle-4-01,astar,misplaced,A*-misplaced,solved,4,4,4,6,0.000145,30.0
8puzzle,4,8puzzle-4-01,astar,manhattan,A*-manhattan,solved,4,4,4,6,0.000167,30.0
8puzzle,4,8puzzle-4-01,astar,manhattan_x3,A*-manhattan_x3,solved,4,4,4,6,0.000185,30.0
8puzzle,4,8puzzle-4-02,bfs,,BFS,solved,4,4,28,18,0.000276,30.0
8puzzle,4,8puzzle-4-02,dfs,,DFS,solved,558,558,558,452,0.002047,30.0
8puzzle,4,8puzzle-4-02,ucs,,UCS,solved,4,4,28,18,0.000258,30.0
8puzzle,4,8puzzle-4-02,ids,,IDS,solved,4,4,24,5,0.000377,30.0
8puzzle,4,8puzzle-4-02,astar,misplaced,A*-misplaced,solved,4,4,5,7,0.000129,30.0
8puzzle,4,8puzzle-4-02,astar,manhattan,A*-manhattan,solved,4,4,4,6,0.000178,30.0
8puzzle,4,8puzzle-4-02,astar,manhattan_x3,A*-manhattan_x3,solved,4,4,4,6,0.000176,30.0
8puzzle,4,8puzzle-4-03,bfs,,BFS,solved,4,4,28,24,0.000279,30.0
8puzzle,4,8puzzle-4-03,dfs,,DFS,solved,548,548,548,444,0.003878,30.0
8puzzle,4,8puzzle-4-03,ucs,,UCS,solved,4,4,28,24,0.000431,30.0
8puzzle,4,8puzzle-4-03,ids,,IDS,solved,4,4,30,5,0.000522,30.0
8puzzle,4,8puzzle-4-03,astar,misplaced,A*-misplaced,solved,4,4,4,6,8e-05,30.0
8puzzle,4,8puzzle-4-03,astar,manhattan,A*-manhattan,solved,4,4,4,6,0.000192,30.0
8puzzle,4,8puzzle-4-03,astar,manhattan_x3,A*-manhattan_x3,solved,4,4,4,6,0.000146,30.0
8puzzle,4,8puzzle-4-04,bfs,,BFS,solved,4,4,28,18,9e-05,30.0
8puzzle,4,8puzzle-4-04,dfs,,DFS,solved,10,10,10,11,4.1e-05,30.0
8puzzle,4,8puzzle-4-04,ucs,,UCS,solved,4,4,28,18,9.2e-05,30.0
8puzzle,4,8puzzle-4-04,ids,,IDS,solved,4,4,24,5,0.000132,30.0
8puzzle,4,8puzzle-4-04,astar,misplaced,A*-misplaced,solved,4,4,4,6,4.3e-05,30.0
8puzzle,4,8puzzle-4-04,astar,manhattan,A*-manhattan,solved,4,4,4,6,6.2e-05,30.0
8puzzle,4,8puzzle-4-04,astar,manhattan_x3,A*-manhattan_x3,solved,4,4,4,6,6.1e-05,30.0
8puzzle,4,8puzzle-4-05,bfs,,BFS,solved,4,4,26,18,8e-05,30.0
8puzzle,4,8puzzle-4-05,dfs,,DFS,solved,40,40,40,36,0.000122,30.0
8puzzle,4,8puzzle-4-05,ucs,,UCS,solved,4,4,26,18,8.7e-05,30.0
8puzzle,4,8puzzle-4-05,ids,,IDS,solved,4,4,23,5,0.000113,30.0
8puzzle,4,8puzzle-4-05,astar,misplaced,A*-misplaced,solved,4,4,4,6,4.1e-05,30.0
8puzzle,4,8puzzle-4-05,astar,manhattan,A*-manhattan,solved,4,4,4,6,6e-05,30.0
8puzzle,4,8puzzle-4-05,astar,manhattan_x3,A*-manhattan_x3,solved,4,4,4,6,6e-05,30.0
8puzzle,4,8puzzle-4-06,bfs,,BFS,solved,4,4,22,18,8.4e-05,30.0
8puzzle,4,8puzzle-4-06,dfs,,DFS,solved,512,512,512,414,0.0017,30.0
8puzzle,4,8puzzle-4-06,ucs,,UCS,solved,4,4,22,18,8.4e-05,30.0
8puzzle,4,8puzzle-4-06,ids,,IDS,solved,4,4,19,5,0.000101,30.0
8puzzle,4,8puzzle-4-06,astar,misplaced,A*-misplaced,solved,4,4,4,6,0.000326,30.0
8puzzle,4,8puzzle-4-06,astar,manhattan,A*-manhattan,solved,4,4,4,6,0.000205,30.0
8puzzle,4,8puzzle-4-06,astar,manhattan_x3,A*-manhattan_x3,solved,4,4,4,6,0.000182,30.0
8puzzle,4,8puzzle-4-07,bfs,,BFS,solved,4,4,20,18,0.000157,30.0
8puzzle,4,8puzzle-4-07,dfs,,DFS,solved,38,38,38,35,0.000228,30.0
8puzzle,4,8puzzle-4-07,ucs,,UCS,solved,4,4,20,18,0.000171,30.0
8puzzle,4,8puzzle-4-07,ids,,IDS,solved,4,4,18,5,0.000192,30.0
8puzzle,4,8puzzle-4-07,astar,misplaced,A*-misplaced,solved,4,4,4,6,0.000224,30.0
8puzzle,4,8puzzle-4-07,astar,manhattan,A*-manhattan,solved,4,4,4,6,0.000115,30.0
8puzzle,4,8puzzle-4-07,astar,manhattan_x3,A*-manhattan_x3,solved,4,4,4,6,7.1e-05,30.0
8puzzle,4,8puzzle-4-08,bfs,,BFS,solved,4,4,28,18,8.7e-05,30.0
8puzzle,4,8puzzle-4-08,dfs,,DFS,solved,94144,94144,122569,71823,0.480285,30.0
8puzzle,4,8puzzle-4-08,ucs,,UCS,solved,4,4,28,18,0.000299,30.0
8puzzle,4,8puzzle-4-08,ids,,IDS,solved,4,4,24,5,0.000407,30.0
8puzzle,4,8puzzle-4-08,astar,misplaced,A*-misplaced,solved,4,4,4,6,0.000125,30.0
8puzzle,4,8puzzle-4-08,astar,manhattan,A*-manhattan,solved,4,4,4,6,0.000347,30.0
8puzzle,4,8puzzle-4-08,astar,manhattan_x3,A*-manhattan_x3,solved,4,4,4,6,0.000187,30.0
8puzzle,4,8puzzle-4-09,bfs,,BFS,solved,4,4,20,18,0.000284,30.0
8puzzle,4,8puzzle-4-09,dfs,,DFS,solved,548,548,548,444,0.001697,30.0
8puzzle,4,8puzzle-4-09,ucs,,UCS,solved,4,4,20,18,0.000207,30.0
8puzzle,4,8puzzle-4-09,ids,,IDS,solved,4,4,18,5,0.000364,30.0
8puzzle,4,8puzzle-4-09,astar,misplaced,A*-misplaced,solved,4,4,4,6,0.000144,30.0
8puzzle,4,8puzzle-4-09,astar,manhattan,A*-manhattan,solved,4,4,4,6,0.000234,30.0
8puzzle,4,8puzzle-4-09,astar,manhattan_x3,A*-manhattan_x3,solved,4,4,4,6,0.000171,30.0
8puzzle,8,8puzzle-8-00,bfs,,BFS,solved,8,8,172,136,0.001146,30.0
8puzzle,8,8puzzle-8-00,dfs,,DFS,solved,1048,1048,1052,851,0.006681,30.0
8puzzle,8,8puzzle-8-00,ucs,,UCS,solved,8,8,172,136,0.000625,30.0
8puzzle,8,8puzzle-8-00,ids,,IDS,solved,8,8,233,9,0.001938,30.0
8puzzle,8,8puzzle-8-00,astar,misplaced,A*-misplaced,solved,8,8,16,15,0.000329,30.0
8puzzle,8,8puzzle-8-00,astar,manhattan,A*-manhattan,solved,8,8,11,9,0.000452,30.0
8puzzle,8,8puzzle-8-00,astar,manhattan_x3,A*-manhattan_x3,solved,8,8,11,9,0.000347,30.0
8puzzle,8,8puzzle-8-01,bfs,,BFS,solved,8,8,220,141,0.001336,30.0
8puzzle,8,8puzzle-8-01,dfs,,DFS,solved,8036,8036,8101,6474,0.03869,30.0
8puzzle,8,8puzzle-8-01,ucs,,UCS,solved,8,8,220,141,0.001643,30.0
8puzzle,8,8puzzle-8-01,ids,,IDS,solved,8,8,290,9,0.001141,30.0
8puzzle,8,8puzzle-8-01,astar,misplaced,A*-misplaced,solved,8,8,8,8,0.000182,30.0
8puzzle,8,8puzzle-8-01,astar,manhattan,A*-manhattan,solved,8,8,8,8,0.000375,30.0
8puzzle,8,8puzzle-8-01,astar,manhattan_x3,A*-manhattan_x3,solved,8,8,8,8,0.000273,30.0
8puzzle,8,8puzzle-8-02,bfs,,BFS,solved,8,8,282,186,0.001611,30.0
8puzzle,8,8puzzle-8-02,dfs,,DFS,solved,94280,94280,128085,71713,0.521807,30.0
8puzzle,8,8puzzle-8-02,ucs,,UCS,solved,8,8,282,186,0.002584,30.0
8puzzle,8,8puzzle-8-02,ids,,IDS,solved,8,8,403,9,0.001677,30.0
8puzzle,8,8puzzle-8-02,astar,misplaced,A*-misplaced,solved,8,8,18,16,0.000148,30.0
8puzzle,8,8puzzle-8-02,astar,manhattan,A*-manhattan,solved,8,8,12,12,0.000424,30.0
8puzzle,8,8puzzle-8-02,astar,manhattan_x3,A*-manhattan_x3,solved,8,8,17,16,0.000512,30.0
8puzzle,8,8puzzle-8-03,bfs,,BFS,solved,8,8,328,204,0.001246,30.0
8puzzle,8,8puzzle-8-03,dfs,,DFS,solved,33210,33210,33958,26639,0.14742,30.0
8puzzle,8,8puzzle-8-03,ucs,,UCS,solved,8,8,328,204,0.001932,30.0
8puzzle,8,8puzzle-8-03,ids,,IDS,solved,8,8,476,9,0.002351,30.0
8puzzle,8,8puzzle-8-03,astar,misplaced,A*-misplaced,solved,8,8,26,23,0.000545,30.0
8puzzle,8,8puzzle-8-03,astar,manhattan,A*-manhattan,solved,8,8,12,12,0.000581,30.0
8puzzle,8,8puzzle-8-03,astar,manhattan_x3,A*-manhattan_x3,solved,8,8,12,12,0.000398,30.0
8puzzle,8,8puzzle-8-04,bfs,,BFS,solved,8,8,234,145,0.001718,30.0
8puzzle,8,8puzzle-8-04,dfs,,DFS,solved,49844,49844,51542,39761,0.224817,30.0
8puzzle,8,8puzzle-8-04,ucs,,UCS,solved,8,8,234,145,0.001411,30.0
8puzzle,8,8puzzle-8-04,ids,,IDS,solved,8,8,313,9,0.002354,30.0
8puzzle,8,8puzzle-8-04,astar,misplaced,A*-misplaced,solved,8,8,15,16,0.000392,30.0
8puzzle,8,8puzzle-8-04,astar,manhattan,A*-manhattan,solved,8,8,11,12,0.000262,30.0
8puzzle,8,8puzzle-8-04,astar,manhattan_x3,A*-manhattan_x3,solved,8,8,10,11,0.000499,30.0
8puzzle,8,8puzzle-8-05,bfs,,BFS,solved,8,8,182,136,0.001115,30.0
8puzzle,8,8puzzle-8-05,dfs,,DFS,solved,52330,52330,54202,41588,0.248351,30.0
8puzzle,8,8puzzle-8-05,ucs,,UCS,solved,8,8,182,136,0.00145,30.0
8puzzle,8,8puzzle-8-05,ids,,IDS,solved,8,8,243,9,0.000939,30.0
8puzzle,8,8puzzle-8-05,astar,misplaced,A*-misplaced,solved,8,8,15,15,0.000329,30.0
8puzzle,8,8puzzle-8-05,astar,manhattan,A*-manhattan,solved,8,8,10,11,0.000391,30.0
8puzzle,8,8puzzle-8-05,astar,manhattan_x3,A*-manhattan_x3,solved,8,8,8,10,0.000336,30.0
8puzzle,8,8puzzle-8-06,bfs,,BFS,solved,8,8,242,164,0.001067,30.0
8puzzle,8,8puzzle-8-06,dfs,,DFS,solved,584,584,584,473,0.002488,30.0
8puzzle,8,8puzzle-8-06,ucs,,UCS,solved,8,8,242,164,0.001136,30.0
8puzzle,8,8puzzle-8-06,ids,,IDS,solved,8,8,342,9,0.001174,30.0
8puzzle,8,8puzzle-8-06,astar,misplaced,A*-misplaced,solved,8,8,15,15,0.000307,30.0
8puzzle,8,8puzzle-8-06,astar,manhattan,A*-manhattan,solved,8,8,10,11,0.000387,30.0
8puzzle,8,8puzzle-8-06,astar,manhattan_x3,A*-manhattan_x3,solved,8,8,8,10,0.000338,30.0
8puzzle,8,8puzzle-8-07,bfs,,BFS,solved,8,8,205,139,0.00124,30.0
8puzzle,8,8puzzle-8-07,dfs,,DFS,solved,37082,37082,38010,29741,0.176259,30.0
8puzzle,8,8puzzle-8-07,ucs,,UCS,solved,8,8,205,139,0.001555,30.0
8puzzle,8,8puzzle-8-07,ids,,IDS,solved,8,8,270,9,0.001633,30.0
8puzzle,8,8puzzle-8-07,astar,misplaced,A*-misplaced,solved,8,8,24,24,0.000255,30.0
8puzzle,8,8puzzle-8-07,astar,manhattan,A*-manhattan,solved,8,8,15,16,0.000624,30.0
8puzzle,8,8puzzle-8-07,astar,manhattan_x3,A*-manhattan_x3,solved,8,8,14,14,0.000165,30.0
8puzzle,8,8puzzle-8-08,bfs,,BFS,solved,8,8,315,200,0.001769,30.0
8puzzle,8,8puzzle-8-08,dfs,,DFS,solved,57624,57624,60226,45661,0.296287,30.0
8puzzle,8,8puzzle-8-08,ucs,,UCS,solved,8,8,315,200,0.002169,30.0
8puzzle,8,8puzzle-8-08,ids,,IDS,solved,8,8,456,9,0.001791,30.0
8puzzle,8,8puzzle-8-08,astar,misplaced,A*-misplaced,solved,8,8,18,16,0.000392,30.0
8puzzle,8,8puzzle-8-08,astar,manhattan,A*-manhattan,solved,8,8,12,12,0.000839,30.0
8puzzle,8,8puzzle-8-08,astar,manhattan_x3,A*-manhattan_x3,solved,8,8,17,16,0.000536,30.0
8puzzle,8,8puzzle-8-09,bfs,,BFS,solved,8,8,205,139,0.001482,30.0
8puzzle,8,8puzzle-8-09,dfs,,DFS,solved,24,24,24,23,0.000249,30.0
8puzzle,8,8puzzle-8-09,ucs,,UCS,solved,8,8,205,139,0.001395,30.0
8puzzle,8,8puzzle-8-09,ids,,IDS,solved,8,8,270,9,0.001534,30.0
8puzzle,8,8puzzle-8-09,astar,misplaced,A*-misplaced,solved,8,8,24,19,0.000472,30.0
8puzzle,8,8puzzle-8-09,astar,manhattan,A*-manhattan,solved,8,8,17,15,0.000415,30.0
8puzzle,8,8puzzle-8-09,astar,manhattan_x3,A*-manhattan_x3,solved,8,8,10,11,0.000351,30.0
8puzzle,12,8puzzle-12-00,bfs,,BFS,solved,12,12,2177,1316,0.00599,30.0
8puzzle,12,8puzzle-12-00,dfs,,DFS,solved,5944,5944,6000,4803,0.033468,30.0
8puzzle,12,8puzzle-12-00,ucs,,UCS,solved,12,12,2177,1316,0.01088,30.0
8puzzle,12,8puzzle-12-00,ids,,IDS,solved,12,12,4192,13,0.019333,30.0
8puzzle,12,8puzzle-12-00,astar,misplaced,A*-misplaced,solved,12,12,110,78,0.001635,30.0
8puzzle,12,8puzzle-12-00,astar,manhattan,A*-manhattan,solved,12,12,28,20,0.000318,30.0
8puzzle,12,8puzzle-12-00,astar,manhattan_x3,A*-manhattan_x3,solved,12,12,35,26,0.000544,30.0
8puzzle,12,8puzzle-12-01,bfs,,BFS,solved,12,12,1238,827,0.004654,30.0
8puzzle,12,8puzzle-12-01,dfs,,DFS,solved,25010,25010,25418,20106,0.123204,30.0
8puzzle,12,8puzzle-12-01,ucs,,UCS,solved,12,12,1238,827,0.006654,30.0
8puzzle,12,8puzzle-12-01,ids,,IDS,solved,12,12,2234,13,0.013677,30.0
8puzzle,12,8puzzle-12-01,astar,misplaced,A*-misplaced,solved,12,12,73,61,0.00106,30.0
8puzzle,12,8puzzle-12-01,astar,manhattan,A*-manhattan,solved,12,12,12,10,0.000379,30.0
8puzzle,12,8puzzle-12-01,astar,manhattan_x3,A*-manhattan_x3,solved,12,12,12,10,0.00042,30.0
8puzzle,12,8puzzle-12-02,bfs,,BFS,solved,12,12,1539,954,0.008261,30.0
8puzzle,12,8puzzle-12-02,dfs,,DFS,solved,48764,48764,50348,38909,0.265256,30.0
8puzzle,12,8puzzle-12-02,ucs,,UCS,solved,12,12,1539,954,0.007532,30.0
8puzzle,12,8puzzle-12-02,ids,,IDS,solved,12,12,2816,13,0.016412,30.0
8puzzle,12,8puzzle-12-02,astar,misplaced,A*-misplaced,solved,12,12,75,57,0.001052,30.0
8puzzle,12,8puzzle-12-02,astar,manhattan,A*-manhattan,solved,12,12,23,20,0.000231,30.0
8puzzle,12,8puzzle-12-02,astar,manhattan_x3,A*-manhattan_x3,solved,12,12,56,46,0.001425,30.0
8puzzle,12,8puzzle-12-03,bfs,,BFS,solved,12,12,1169,801,0.003715,30.0
8puzzle,12,8puzzle-12-03,dfs,,DFS,solved,55200,55200,57342,43755,0.317409,30.0
8puzzle,12,8puzzle-12-03,ucs,,UCS,solved,12,12,1169,801,0.006782,30.0
8puzzle,12,8puzzle-12-03,ids,,IDS,solved,12,12,2123,13,0.016027,30.0
8puzzle,12,8puzzle-12-03,astar,misplaced,A*-misplaced,solved,12,12,82,63,0.001378,30.0
8puzzle,12,8puzzle-12-03,astar,manhattan,A*-manhattan,solved,12,12,35,26,0.000864,30.0
8puzzle,12,8puzzle-12-03,astar,manhattan_x3,A*-manhattan_x3,solved,12,12,21,18,0.000605,30.0
8puzzle,12,8puzzle-12-04,bfs,,BFS,solved,12,12,1847,1090,0.010371,30.0
8puzzle,12,8puzzle-12-04,dfs,,DFS,solved,22730,22730,23099,18320,0.127094,30.0
8puzzle,12,8puzzle-12-04,ucs,,UCS,solved,12,12,1847,1090,0.008528,30.0
8puzzle,12,8puzzle-12-04,ids,,IDS,solved,12,12,3445,13,0.024079,30.0
8puzzle,12,8puzzle-12-04,astar,misplaced,A*-misplaced,solved,12,12,107,79,0.001367,30.0
8puzzle,12,8puzzle-12-04,astar,manhattan,A*-manhattan,solved,12,12,48,39,0.001005,30.0
8puzzle,12,8puzzle-12-04,astar,manhattan_x3,A*-manhattan_x3,solved,12,12,60,45,0.00124,30.0
8puzzle,12,8puzzle-12-05,bfs,,BFS,solved,12,12,1797,1157,0.010949,30.0
8puzzle,12,8puzzle-12-05,dfs,,DFS,solved,73532,73532,78941,57547,0.386545,30.0
8puzzle,12,8puzzle-12-05,ucs,,UCS,solved,12,12,1797,1157,0.008736,30.0
8puzzle,12,8puzzle-12-05,ids,,IDS,solved,12,12,3423,13,0.019168,30.0
8puzzle,12,8puzzle-12-05,astar,misplaced,A*-misplaced,solved,12,12,102,77,0.00075,30.0
8puzzle,12,8puzzle-12-05,astar,manhattan,A*-manhattan,solved,12,12,27,22,0.001127,30.0
8puzzle,12,8puzzle-12-05,astar,manhattan_x3,A*-manhattan_x3,solved,12,12,15,16,0.000344,30.0
8puzzle,12,8puzzle-12-06,bfs,,BFS,solved,12,12,1160,799,0.004604,30.0
8puzzle,12,8puzzle-12-06,dfs,,DFS,solved,37952,37952,38868,30453,0.20158,30.0
8puzzle,12,8puzzle-12-06,ucs,,UCS,solved,12,12,1160,799,0.007878,30.0
8puzzle,12,8puzzle-12-06,ids,,IDS,solved,12,12,2113,13,0.007256,30.0
8puzzle,12,8puzzle-12-06,astar,misplaced,A*-misplaced,solved,12,12,108,73,0.001189,30.0
8puzzle,12,8puzzle-12-06,astar,manhattan,A*-manhattan,solved,12,12,64,41,0.000602,30.0
8puzzle,12,8puzzle-12-06,astar,manhattan_x3,A*-manhattan_x3,solved,14,14,51,38,0.001503,30.0
8puzzle,12,8puzzle-12-07,bfs,,BFS,solved,12,12,1344,877,0.005167,30.0
8puzzle,12,8puzzle-12-07,dfs,,DFS,solved,27634,27634,28245,22239,0.13602,30.0
8puzzle,12,8puzzle-12-07,ucs,,UCS,solved,12,12,1344,877,0.007935,30.0
8puzzle,12,8puzzle-12-07,ids,,IDS,solved,12,12,2436,13,0.008536,30.0
8puzzle,12,8puzzle-12-07,astar,misplaced,A*-misplaced,solved,12,12,105,78,0.00128,30.0
8puzzle,12,8puzzle-12-07,astar,manhattan,A*-manhattan,solved,12,12,47,34,0.002021,30.0
8puzzle,12,8puzzle-12-07,astar,manhattan_x3,A*-manhattan_x3,solved,12,12,36,28,0.000933,30.0
8puzzle,12,8puzzle-12-08,bfs,,BFS,solved,12,12,1384,888,0.004356,30.0
8puzzle,12,8puzzle-12-08,dfs,,DFS,solved,21918,21918,22309,17671,0.10927,30.0
8puzzle,12,8puzzle-12-08,ucs,,UCS,solved,12,12,1384,888,0.007319,30.0
8puzzle,12,8puzzle-12-08,ids,,IDS,solved,12,12,2528,13,0.011504,30.0
8puzzle,12,8puzzle-12-08,astar,misplaced,A*-misplaced,solved,12,12,100,70,0.000874,30.0
8puzzle,12,8puzzle-12-08,astar,manhattan,A*-manhattan,solved,12,12,44,32,0.000932,30.0
8puzzle,12,8puzzle-12-08,astar,manhattan_x3,A*-manhattan_x3,solved,12,12,25,23,0.00071,30.0
8puzzle,12,8puzzle-12-09,bfs,,BFS,solved,12,12,1413,903,0.00392,30.0
8puzzle,12,8puzzle-12-09,dfs,,DFS,solved,45100,45100,46444,36110,0.245987,30.0
8puzzle,12,8puzzle-12-09,ucs,,UCS,solved,12,12,1413,903,0.006023,30.0
8puzzle,12,8puzzle-12-09,ids,,IDS,solved,12,12,2581,13,0.015614,30.0
8puzzle,12,8puzzle-12-09,astar,misplaced,A*-misplaced,solved,12,12,104,77,0.000795,30.0
8puzzle,12,8puzzle-12-09,astar,manhattan,A*-manhattan,solved,12,12,45,31,0.000479,30.0
8puzzle,12,8puzzle-12-09,astar,manhattan_x3,A*-manhattan_x3,solved,12,12,36,28,0.000835,30.0
8puzzle,16,8puzzle-16-00,bfs,,BFS,solved,16,16,11276,6593,0.048333,30.0
8puzzle,16,8puzzle-16-00,dfs,,DFS,solved,40058,40058,41144,32068,0.195437,30.0
8puzzle,16,8puzzle-16-00,ucs,,UCS,solved,16,16,11276,6593,0.067042,30.0
8puzzle,16,8puzzle-16-00,ids,,IDS,solved,16,16,30450,17,0.160555,30.0
8puzzle,16,8puzzle-16-00,astar,misplaced,A*-misplaced,solved,16,16,685,443,0.004452,30.0
8puzzle,16,8puzzle-16-00,astar,manhattan,A*-manhattan,solved,16,16,169,114,0.003225,30.0
8puzzle,16,8puzzle-16-00,astar,manhattan_x3,A*-manhattan_x3,solved,18,18,73,58,0.001543,30.0
8puzzle,16,8puzzle-16-01,bfs,,BFS,solved,16,16,11138,6046,0.05261,30.0
8puzzle,16,8puzzle-16-01,dfs,,DFS,solved,43426,43426,44703,34709,0.208992,30.0
8puzzle,16,8puzzle-16-01,ucs,,UCS,solved,16,16,11138,6046,0.061226,30.0
8puzzle,16,8puzzle-16-01,ids,,IDS,solved,16,16,29307,17,0.169651,30.0
8puzzle,16,8puzzle-16-01,astar,misplaced,A*-misplaced,solved,16,16,477,315,0.003214,30.0
8puzzle,16,8puzzle-16-01,astar,manhattan,A*-manhattan,solved,16,16,57,44,0.001217,30.0
8puzzle,16,8puzzle-16-01,astar,manhattan_x3,A*-manhattan_x3,solved,16,16,179,109,0.003073,30.0
8puzzle,16,8puzzle-16-02,bfs,,BFS,solved,16,16,10069,5721,0.058345,30.0
8puzzle,16,8puzzle-16-02,dfs,,DFS,solved,16402,16402,16623,13248,0.088192,30.0
8puzzle,16,8puzzle-16-02,ucs,,UCS,solved,16,16,10069,5721,0.07574,30.0
8puzzle,16,8puzzle-16-02,ids,,IDS,solved,16,16,25971,17,0.154376,30.0
8puzzle,16,8puzzle-16-02,astar,misplaced,A*-misplaced,solved,16,16,633,400,0.005609,30.0
8puzzle,16,8puzzle-16-02,astar,manhattan,A*-manhattan,solved,16,16,192,128,0.004132,30.0
8puzzle,16,8puzzle-16-02,astar,manhattan_x3,A*-manhattan_x3,solved,18,18,64,46,0.000568,30.0
8puzzle,16,8puzzle-16-03,bfs,,BFS,solved,16,16,9159,5912,0.044012,30.0
8puzzle,16,8puzzle-16-03,dfs,,DFS,solved,49866,49866,51680,39694,0.234479,30.0
8puzzle,16,8puzzle-16-03,ucs,,UCS,solved,16,16,9159,5912,0.063201,30.0
8puzzle,16,8puzzle-16-03,ids,,IDS,solved,16,16,24696,17,0.133424,30.0
8puzzle,16,8puzzle-16-03,astar,misplaced,A*-misplaced,solved,16,16,682,461,0.005606,30.0
8puzzle,16,8puzzle-16-03,astar,manhattan,A*-manhattan,solved,16,16,151,103,0.002112,30.0
8puzzle,16,8puzzle-16-03,astar,manhattan_x3,A*-manhattan_x3,solved,20,20,383,245,0.007502,30.0
8puzzle,16,8puzzle-16-04,bfs,,BFS,solved,16,16,7475,4884,0.039499,30.0
8puzzle,16,8puzzle-16-04,dfs,,DFS,solved,6876,6876,6933,5540,0.032642,30.0
8puzzle,16,8puzzle-16-04,ucs,,UCS,solved,16,16,7475,4884,0.047535,30.0
8puzzle,16,8puzzle-16-04,ids,,IDS,solved,16,16,18799,17,0.102187,30.0
8puzzle,16,8puzzle-16-04,astar,misplaced,A*-misplaced,solved,16,16,608,395,0.007457,30.0
8puzzle,16,8puzzle-16-04,astar,manhattan,A*-manhattan,solved,16,16,184,119,0.003239,30.0
8puzzle,16,8puzzle-16-04,astar,manhattan_x3,A*-manhattan_x3,solved,16,16,239,142,0.003896,30.0
8puzzle,16,8puzzle-16-05,bfs,,BFS,solved,16,16,9724,5601,0.047395,30.0
8puzzle,16,8puzzle-16-05,dfs,,DFS,solved,964,964,968,779,0.00368,30.0
8puzzle,16,8puzzle-16-05,ucs,,UCS,solved,16,16,9724,5601,0.060371,30.0
8puzzle,16,8puzzle-16-05,ids,,IDS,solved,16,16,25432,17,0.169584,30.0
8puzzle,16,8puzzle-16-05,astar,misplaced,A*-misplaced,solved,16,16,483,301,0.005886,30.0
8puzzle,16,8puzzle-16-05,astar,manhattan,A*-manhattan,solved,16,16,91,62,0.001865,30.0
8puzzle,16,8puzzle-16-05,astar,manhattan_x3,A*-manhattan_x3,solved,22,22,153,105,0.004313,30.0
8puzzle,16,8puzzle-16-06,bfs,,BFS,solved,16,16,8357,5190,0.058794,30.0
8puzzle,16,8puzzle-16-06,dfs,,DFS,solved,94026,94026,121645,71907,0.700177,30.0
8puzzle,16,8puzzle-16-06,ucs,,UCS,solved,16,16,8357,5190,0.089136,30.0
8puzzle,16,8puzzle-16-06,ids,,IDS,solved,16,16,21027,17,0.138158,30.0
8puzzle,16,8puzzle-16-06,astar,misplaced,A*-misplaced,solved,16,16,536,348,0.007094,30.0
8puzzle,16,8puzzle-16-06,astar,manhattan,A*-manhattan,solved,16,16,128,88,0.001723,30.0
8puzzle,16,8puzzle-16-06,astar,manhattan_x3,A*-manhattan_x3,solved,16,16,166,116,0.003154,30.0
8puzzle,16,8puzzle-16-07,bfs,,BFS,solved,16,16,7924,5051,0.040332,30.0
8puzzle,16,8puzzle-16-07,dfs,,DFS,solved,27762,27762,28269,22375,0.144537,30.0
8puzzle,16,8puzzle-16-07,ucs,,UCS,solved,16,16,7924,5051,0.052119,30.0
8puzzle,16,8puzzle-16-07,ids,,IDS,solved,16,16,19900,17,0.125016,30.0
8puzzle,16,8puzzle-16-07,astar,misplaced,A*-misplaced,solved,16,16,516,327,0.005935,30.0
8puzzle,16,8puzzle-16-07,astar,manhattan,A*-manhattan,solved,16,16,99,69,0.001843,30.0
8puzzle,16,8puzzle-16-07,astar,manhattan_x3,A*-manhattan_x3,solved,24,24,261,185,0.004495,30.0
8puzzle,16,8puzzle-16-08,bfs,,BFS,solved,16,16,8873,5352,0.041299,30.0
8puzzle,16,8puzzle-16-08,dfs,,DFS,solved,21908,21908,22299,17663,0.099019,30.0
8puzzle,16,8puzzle-16-08,ucs,,UCS,solved,16,16,8873,5352,0.057177,30.0
8puzzle,16,8puzzle-16-08,ids,,IDS,solved,16,16,22562,17,0.14009,30.0
8puzzle,16,8puzzle-16-08,astar,misplaced,A*-misplaced,solved,16,16,566,382,0.004624,30.0
8puzzle,16,8puzzle-16-08,astar,manhattan,A*-manhattan,solved,16,16,129,85,0.001223,30.0
8puzzle,16,8puzzle-16-08,astar,manhattan_x3,A*-manhattan_x3,solved,20,20,208,142,0.003906,30.0
8puzzle,16,8puzzle-16-09,bfs,,BFS,solved,16,16,10019,5704,0.049857,30.0
8puzzle,16,8puzzle-16-09,dfs,,DFS,solved,80,80,80,68,0.001039,30.0
8puzzle,16,8puzzle-16-09,ucs,,UCS,solved,16,16,10019,5704,0.089257,30.0
8puzzle,16,8puzzle-16-09,ids,,IDS,solved,16,16,26182,17,0.173212,30.0
8puzzle,16,8puzzle-16-09,astar,misplaced,A*-misplaced,solved,16,16,529,341,0.004123,30.0
8puzzle,16,8puzzle-16-09,astar,manhattan,A*-manhattan,solved,16,16,116,83,0.003358,30.0
8puzzle,16,8puzzle-16-09,astar,manhattan_x3,A*-manhattan_x3,solved,16,16,82,60,0.001615,30.0
grid,5,grid-5-00,bfs,,BFS,solved,7,5,21,11,0.000283,30.0
grid,5,grid-5-00,dfs,,DFS,solved,43,13,13,14,0.000176,30.0
grid,5,grid-5-00,ucs,,UCS,solved,7,5,10,12,7.3e-05,30.0
grid,5,grid-5-00,ids,,IDS,solved,7,5,54,6,0.000857,30.0
grid,5,grid-5-00,astar,manhattan,A*-manhattan,solved,7,5,10,13,0.000202,30.0
grid,5,grid-5-00,astar,manhattan_x3,A*-manhattan_x3,solved,7,5,5,11,0.000123,30.0
grid,5,grid-5-01,bfs,,BFS,solved,6,4,20,12,0.000431,30.0
grid,5,grid-5-01,dfs,,DFS,solved,29,12,12,17,0.000197,30.0
grid,5,grid-5-01,ucs,,UCS,solved,6,4,19,13,0.001282,30.0
grid,5,grid-5-01,ids,,IDS,solved,6,4,33,5,0.001078,30.0
grid,5,grid-5-01,astar,manhattan,A*-manhattan,solved,6,4,12,16,0.000272,30.0
grid,5,grid-5-01,astar,manhattan_x3,A*-manhattan_x3,solved,6,4,4,10,0.0001,30.0
grid,5,grid-5-02,bfs,,BFS,solved,5,3,10,10,0.000274,30.0
grid,5,grid-5-02,dfs,,DFS,solved,20,11,11,12,0.000233,30.0
grid,5,grid-5-02,ucs,,UCS,solved,3,3,6,7,0.000137,30.0
grid,5,grid-5-02,ids,,IDS,solved,5,3,8,4,0.00019,30.0
grid,5,grid-5-02,astar,manhattan,A*-manhattan,solved,3,3,4,7,0.000119,30.0
grid,5,grid-5-02,astar,manhattan_x3,A*-manhattan_x3,solved,3,3,3,7,0.000121,30.0
grid,5,grid-5-03,bfs,,BFS,solved,11,4,15,11,0.000338,30.0
grid,5,grid-5-03,dfs,,DFS,solved,53,16,16,16,0.00032,30.0
grid,5,grid-5-03,ucs,,UCS,solved,8,6,13,16,0.000217,30.0
grid,5,grid-5-03,ids,,IDS,solved,11,4,19,5,0.000584,30.0
grid,5,grid-5-03,astar,manhattan,A*-manhattan,solved,8,6,10,15,0.000253,30.0
grid,5,grid-5-03,astar,manhattan_x3,A*-manhattan_x3,solved,11,4,10,17,0.000227,30.0
grid,5,grid-5-04,bfs,,BFS,solved,13,4,21,12,0.000331,30.0
grid,5,grid-5-04,dfs,,DFS,solved,13,4,4,9,0.000122,30.0
grid,5,grid-5-04,ucs,,UCS,solved,10,6,18,13,0.000346,30.0
grid,5,grid-5-04,ids,,IDS,solved,13,4,40,5,0.001129,30.0
grid,5,grid-5-04,astar,manhattan,A*-manhattan,solved,10,6,12,12,0.000245,30.0
grid,5,grid-5-04,astar,manhattan_x3,A*-manhattan_x3,solved,13,4,5,11,0.000143,30.0
grid,5,grid-5-05,bfs,,BFS,solved,8,6,23,11,0.000382,30.0
grid,5,grid-5-05,dfs,,DFS,solved,46,14,14,14,0.00048,30.0
grid,5,grid-5-05,ucs,,UCS,solved,6,6,18,17,0.000314,30.0
grid,5,grid-5-05,ids,,IDS,solved,8,6,112,7,0.002125,30.0
grid,5,grid-5-05,astar,manhattan,A*-manhattan,solved,6,6,9,17,0.000198,30.0
grid,5,grid-5-05,astar,manhattan_x3,A*-manhattan_x3,solved,6,6,7,15,0.000183,30.0
grid,5,grid-5-06,bfs,,BFS,solved,6,6,20,9,0.000432,30.0
grid,5,grid-5-06,dfs,,DFS,solved,32,16,16,14,0.000246,30.0
grid,5,grid-5-06,ucs,,UCS,solved,6,6,17,9,0.000376,30.0
grid,5,grid-5-06,ids,,IDS,solved,6,6,79,7,0.001235,30.0
grid,5,grid-5-06,astar,manhattan,A*-manhattan,solved,6,6,13,10,0.000264,30.0
grid,5,grid-5-06,astar,manhattan_x3,A*-manhattan_x3,solved,6,6,6,9,0.000136,30.0
grid,5,grid-5-07,bfs,,BFS,solved,4,4,21,12,0.000378,30.0
grid,5,grid-5-07,dfs,,DFS,solved,13,4,4,9,5.3e-05,30.0
grid,5,grid-5-07,ucs,,UCS,solved,4,4,15,12,9.8e-05,30.0
grid,5,grid-5-07,ids,,IDS,solved,4,4,40,5,0.00042,30.0
grid,5,grid-5-07,astar,manhattan,A*-manhattan,solved,4,4,4,10,0.000143,30.0
grid,5,grid-5-07,astar,manhattan_x3,A*-manhattan_x3,solved,4,4,4,10,0.000145,30.0
grid,5,grid-5-08,bfs,,BFS,solved,2,2,9,11,6.5e-05,30.0
grid,5,grid-5-08,dfs,,DFS,solved,8,6,6,11,0.000143,30.0
grid,5,grid-5-08,ucs,,UCS,solved,2,2,7,12,0.000204,30.0
grid,5,grid-5-08,ids,,IDS,solved,2,2,4,3,0.000461,30.0
grid,5,grid-5-08,astar,manhattan,A*-manhattan,solved,2,2,3,8,9.4e-05,30.0
grid,5,grid-5-08,astar,manhattan_x3,A*-manhattan_x3,solved,2,2,2,6,0.000103,30.0
grid,5,grid-5-09,bfs,,BFS,solved,7,5,19,9,0.00037,30.0
grid,5,grid-5-09,dfs,,DFS,solved,32,17,17,18,0.000371,30.0
grid,5,grid-5-09,ucs,,UCS,solved,5,5,16,14,0.000271,30.0
grid,5,grid-5-09,ids,,IDS,solved,7,5,53,6,0.001145,30.0
grid,5,grid-5-09,astar,manhattan,A*-manhattan,solved,5,5,9,15,0.000199,30.0
grid,5,grid-5-09,astar,manhattan_x3,A*-manhattan_x3,solved,5,5,5,8,0.000153,30.0
grid,8,grid-8-00,bfs,,BFS,solved,15,9,61,19,0.000937,30.0
grid,8,grid-8-00,dfs,,DFS,solved,85,37,37,37,0.000617,30.0
grid,8,grid-8-00,ucs,,UCS,solved,13,9,57,36,0.000783,30.0
grid,8,grid-8-00,ids,,IDS,solved,15,9,3777,10,0.060904,30.0
grid,8,grid-8-00,astar,manhattan,A*-manhattan,solved,13,9,24,38,0.000179,30.0
grid,8,grid-8-00,astar,manhattan_x3,A*-manhattan_x3,solved,13,9,9,17,8.4e-05,30.0
grid,8,grid-8-01,bfs,,BFS,solved,13,9,59,19,0.001008,30.0
grid,8,grid-8-01,dfs,,DFS,solved,87,37,37,37,0.000592,30.0
grid,8,grid-8-01,ucs,,UCS,solved,9,9,50,37,0.000785,30.0
grid,8,grid-8-01,ids,,IDS,solved,13,9,2103,10,0.03115,30.0
grid,8,grid-8-01,astar,manhattan,A*-manhattan,solved,9,9,15,25,0.000357,30.0
grid,8,grid-8-01,astar,manhattan_x3,A*-manhattan_x3,solved,13,9,9,19,8e-05,30.0
grid,8,grid-8-02,bfs,,BFS,solved,35,10,59,15,0.000278,30.0
grid,8,grid-8-02,dfs,,DFS,solved,124,38,38,43,0.001182,30.0
grid,8,grid-8-02,ucs,,UCS,solved,23,10,52,27,0.000836,30.0
grid,8,grid-8-02,ids,,IDS,solved,35,10,5846,11,0.074117,30.0
grid,8,grid-8-02,astar,manhattan,A*-manhattan,solved,23,10,36,38,0.000445,30.0
grid,8,grid-8-02,astar,manhattan_x3,A*-manhattan_x3,solved,23,10,16,28,0.00023,30.0
grid,8,grid-8-03,bfs,,BFS,solved,28,12,62,15,0.004089,30.0
grid,8,grid-8-03,dfs,,DFS,solved,88,40,40,44,0.002737,30.0
grid,8,grid-8-03,ucs,,UCS,solved,14,12,53,31,0.001835,30.0
grid,8,grid-8-03,ids,,IDS,solved,28,12,26957,13,0.356696,30.0
grid,8,grid-8-03,astar,manhattan,A*-manhattan,solved,14,12,35,39,0.000725,30.0
grid,8,grid-8-03,astar,manhattan_x3,A*-manhattan_x3,solved,14,12,18,36,0.000301,30.0
grid,8,grid-8-04,bfs,,BFS,solved,15,9,58,18,0.000709,30.0
grid,8,grid-8-04,dfs,,DFS,solved,102,41,41,44,0.000221,30.0
grid,8,grid-8-04,ucs,,UCS,solved,11,9,55,36,0.000294,30.0
grid,8,grid-8-04,ids,,IDS,solved,15,9,3170,10,0.034057,30.0
grid,8,grid-8-04,astar,manhattan,A*-manhattan,solved,11,9,26,39,0.000569,30.0
grid,8,grid-8-04,astar,manhattan_x3,A*-manhattan_x3,solved,13,9,9,20,0.000246,30.0
grid,8,grid-8-05,bfs,,BFS,solved,46,11,56,15,0.000777,30.0
grid,8,grid-8-05,dfs,,DFS,solved,111,41,41,37,0.000578,30.0
grid,8,grid-8-05,ucs,,UCS,solved,17,13,50,31,0.00072,30.0
grid,8,grid-8-05,ids,,IDS,solved,46,11,6478,12,0.081335,30.0
grid,8,grid-8-05,astar,manhattan,A*-manhattan,solved,17,13,36,35,0.000716,30.0
grid,8,grid-8-05,astar,manhattan_x3,A*-manhattan_x3,solved,19,11,12,23,0.000313,30.0
grid,8,grid-8-06,bfs,,BFS,solved,13,6,43,18,0.000634,30.0
grid,8,grid-8-06,dfs,,DFS,solved,35,20,20,28,0.000225,30.0
grid,8,grid-8-06,ucs,,UCS,solved,8,6,35,22,0.000187,30.0
grid,8,grid-8-06,ids,,IDS,solved,13,6,253,7,0.001934,30.0
grid,8,grid-8-06,astar,manhattan,A*-manhattan,solved,8,6,20,24,0.000443,30.0
grid,8,grid-8-06,astar,manhattan_x3,A*-manhattan_x3,solved,8,6,6,14,0.000531,30.0
grid,8,grid-8-07,bfs,,BFS,solved,22,9,59,18,0.000883,30.0
grid,8,grid-8-07,dfs,,DFS,solved,69,37,37,43,0.000651,30.0
grid,8,grid-8-07,ucs,,UCS,solved,11,9,56,36,0.000297,30.0
grid,8,grid-8-07,ids,,IDS,solved,22,9,3204,10,0.043632,30.0
grid,8,grid-8-07,astar,manhattan,A*-manhattan,solved,11,9,27,39,0.001515,30.0
grid,8,grid-8-07,astar,manhattan_x3,A*-manhattan_x3,solved,13,9,9,20,0.000337,30.0
grid,8,grid-8-08,bfs,,BFS,solved,16,8,51,15,0.000367,30.0
grid,8,grid-8-08,dfs,,DFS,solved,38,22,22,29,0.000362,30.0
grid,8,grid-8-08,ucs,,UCS,solved,8,8,34,28,0.000645,30.0
grid,8,grid-8-08,ids,,IDS,solved,16,8,1084,9,0.021148,30.0
grid,8,grid-8-08,astar,manhattan,A*-manhattan,solved,8,8,12,25,0.00029,30.0
grid,8,grid-8-08,astar,manhattan_x3,A*-manhattan_x3,solved,12,8,8,17,0.000216,30.0
grid,8,grid-8-09,bfs,,BFS,solved,17,6,34,19,0.000199,30.0
grid,8,grid-8-09,dfs,,DFS,solved,86,34,34,34,0.000487,30.0
grid,8,grid-8-09,ucs,,UCS,solved,10,6,22,27,0.000431,30.0
grid,8,grid-8-09,ids,,IDS,solved,17,6,126,7,0.001102,30.0
grid,8,grid-8-09,astar,manhattan,A*-manhattan,solved,10,6,10,15,0.000258,30.0
grid,8,grid-8-09,astar,manhattan_x3,A*-manhattan_x3,solved,10,6,7,13,0.000157,30.0
grid,12,grid-12-00,bfs,,BFS,solved,13,11,116,30,0.001635,30.0
grid,12,grid-12-00,dfs,,DFS,solved,236,99,99,105,0.001142,30.0
grid,12,grid-12-00,ucs,,UCS,solved,13,11,96,50,0.001194,30.0
grid,12,grid-12-00,ids,,IDS,solved,13,11,28585,12,0.452547,30.0
grid,12,grid-12-00,astar,manhattan,A*-manhattan,solved,13,11,31,44,0.000432,30.0
grid,12,grid-12-00,astar,manhattan_x3,A*-manhattan_x3,solved,19,11,12,26,0.000316,30.0
grid,12,grid-12-01,bfs,,BFS,solved,12,5,58,41,0.000745,30.0
grid,12,grid-12-01,dfs,,DFS,solved,19,11,11,20,0.000215,30.0
grid,12,grid-12-01,ucs,,UCS,solved,9,5,60,55,0.000974,30.0
grid,12,grid-12-01,ids,,IDS,solved,12,5,153,6,0.004152,30.0
grid,12,grid-12-01,astar,manhattan,A*-manhattan,solved,9,5,19,30,0.000153,30.0
grid,12,grid-12-01,astar,manhattan_x3,A*-manhattan_x3,solved,9,5,7,15,0.000239,30.0
grid,12,grid-12-02,bfs,,BFS,solved,32,14,139,29,0.001525,30.0
grid,12,grid-12-02,dfs,,DFS,solved,249,102,102,108,0.001136,30.0
grid,12,grid-12-02,ucs,,UCS,solved,16,14,122,59,0.001427,30.0
grid,12,grid-12-02,ids,,IDS,solved,32,14,414159,15,6.415506,30.0
grid,12,grid-12-02,astar,manhattan,A*-manhattan,solved,16,14,59,66,0.000961,30.0
grid,12,grid-12-02,astar,manhattan_x3,A*-manhattan_x3,solved,16,14,19,37,0.000153,30.0
grid,12,grid-12-03,bfs,,BFS,solved,25,9,120,37,0.001388,30.0
grid,12,grid-12-03,dfs,,DFS,solved,145,53,53,63,0.000696,30.0
grid,12,grid-12-03,ucs,,UCS,solved,13,9,82,75,0.000499,30.0
grid,12,grid-12-03,ids,,IDS,solved,25,9,7026,10,0.125589,30.0
grid,12,grid-12-03,astar,manhattan,A*-manhattan,solved,13,9,29,45,0.000648,30.0
grid,12,grid-12-03,astar,manhattan_x3,A*-manhattan_x3,solved,13,9,12,26,0.000187,30.0
grid,12,grid-12-04,bfs,,BFS,solved,12,5,55,37,0.00094,30.0
grid,12,grid-12-04,dfs,,DFS,solved,63,27,27,39,0.00023,30.0
grid,12,grid-12-04,ucs,,UCS,solved,5,5,37,43,0.000666,30.0
grid,12,grid-12-04,ids,,IDS,solved,12,5,129,6,0.002671,30.0
grid,12,grid-12-04,astar,manhattan,A*-manhattan,solved,5,5,9,19,0.000218,30.0
grid,12,grid-12-04,astar,manhattan_x3,A*-manhattan_x3,solved,5,5,8,18,0.0002,30.0
grid,12,grid-12-05,bfs,,BFS,solved,11,7,93,41,0.000488,30.0
grid,12,grid-12-05,dfs,,DFS,solved,127,51,51,61,0.000312,30.0
grid,12,grid-12-05,ucs,,UCS,solved,11,7,87,64,0.001129,30.0
grid,12,grid-12-05,ids,,IDS,solved,11,7,974,8,0.01977,30.0
grid,12,grid-12-05,astar,manhattan,A*-manhattan,solved,11,7,26,41,0.000199,30.0
grid,12,grid-12-05,astar,manhattan_x3,A*-manhattan_x3,solved,11,7,8,18,0.000235,30.0
grid,12,grid-12-06,bfs,,BFS,solved,26,13,122,27,0.000741,30.0
grid,12,grid-12-06,dfs,,DFS,solved,262,123,123,120,0.001361,30.0
grid,12,grid-12-06,ucs,,UCS,solved,17,13,110,49,0.001261,30.0
grid,12,grid-12-06,ids,,IDS,solved,26,13,101547,14,1.359984,30.0
grid,12,grid-12-06,astar,manhattan,A*-manhattan,solved,17,13,40,42,0.00094,30.0
grid,12,grid-12-06,astar,manhattan_x3,A*-manhattan_x3,solved,17,13,13,26,0.000193,30.0
grid,12,grid-12-07,bfs,,BFS,solved,39,12,121,26,0.001347,30.0
grid,12,grid-12-07,dfs,,DFS,solved,200,78,78,86,0.000979,30.0
grid,12,grid-12-07,ucs,,UCS,solved,14,12,86,52,0.001007,30.0
grid,12,grid-12-07,ids,,IDS,solved,39,12,69184,13,1.03851,30.0
grid,12,grid-12-07,astar,manhattan,A*-manhattan,solved,14,12,26,35,0.000377,30.0
grid,12,grid-12-07,astar,manhattan_x3,A*-manhattan_x3,solved,14,12,13,28,0.000391,30.0
grid,12,grid-12-08,bfs,,BFS,solved,23,10,108,30,0.000524,30.0
grid,12,grid-12-08,dfs,,DFS,solved,177,76,76,84,0.000991,30.0
grid,12,grid-12-08,ucs,,UCS,solved,12,10,74,49,0.000989,30.0
grid,12,grid-12-08,ids,,IDS,solved,23,10,11551,11,0.168447,30.0
grid,12,grid-12-08,astar,manhattan,A*-manhattan,solved,12,10,19,30,0.000418,30.0
grid,12,grid-12-08,astar,manhattan_x3,A*-manhattan_x3,solved,12,10,10,22,0.000296,30.0
grid,12,grid-12-09,bfs,,BFS,solved,32,11,118,30,0.001339,30.0
grid,12,grid-12-09,dfs,,DFS,solved,190,77,77,85,0.000926,30.0
grid,12,grid-12-09,ucs,,UCS,solved,11,11,74,48,0.000951,30.0
grid,12,grid-12-09,ids,,IDS,solved,32,11,28676,12,0.444489,30.0
grid,12,grid-12-09,astar,manhattan,A*-manhattan,solved,11,11,19,28,0.000432,30.0
grid,12,grid-12-09,astar,manhattan_x3,A*-manhattan_x3,solved,13,11,11,24,9.6e-05,30.0
grid,16,grid-16-00,bfs,,BFS,solved,27,16,214,36,0.002288,30.0
grid,16,grid-16-00,dfs,,DFS,solved,382,166,166,174,0.002093,30.0
grid,16,grid-16-00,ucs,,UCS,solved,20,16,186,97,0.002186,30.0
grid,16,grid-16-00,ids,,IDS,timeout,,,1890816,16,30.000624,30.0
grid,16,grid-16-00,astar,manhattan,A*-manhattan,solved,20,16,69,81,0.000456,30.0
grid,16,grid-16-00,astar,manhattan_x3,A*-manhattan_x3,solved,20,16,16,34,0.000143,30.0
grid,16,grid-16-01,bfs,,BFS,solved,46,17,232,40,0.001086,30.0
grid,16,grid-16-01,dfs,,DFS,solved,308,137,137,147,0.000818,30.0
grid,16,grid-16-01,ucs,,UCS,solved,19,19,205,87,0.002817,30.0
grid,16,grid-16-01,ids,,IDS,timeout,,,1822464,16,30.002219,30.0
grid,16,grid-16-01,astar,manhattan,A*-manhattan,solved,19,19,74,95,0.000546,30.0
grid,16,grid-16-01,astar,manhattan_x3,A*-manhattan_x3,solved,21,17,19,40,0.00046,30.0
grid,16,grid-16-02,bfs,,BFS,solved,30,18,248,42,0.003921,30.0
grid,16,grid-16-02,dfs,,DFS,solved,336,140,140,149,0.000703,30.0
grid,16,grid-16-02,ucs,,UCS,solved,24,18,245,87,0.003074,30.0
grid,16,grid-16-02,ids,,IDS,timeout,,,1955072,16,30.002379,30.0
grid,16,grid-16-02,astar,manhattan,A*-manhattan,solved,24,18,102,92,0.001504,30.0
grid,16,grid-16-02,astar,manhattan_x3,A*-manhattan_x3,solved,24,18,18,38,0.00016,30.0
grid,16,grid-16-03,bfs,,BFS,solved,45,18,222,36,0.001183,30.0
grid,16,grid-16-03,dfs,,DFS,solved,512,198,198,204,0.000968,30.0
grid,16,grid-16-03,ucs,,UCS,solved,24,20,220,90,0.001352,30.0
grid,16,grid-16-03,ids,,IDS,timeout,,,2172160,16,30.004117,30.0
grid,16,grid-16-03,astar,manhattan,A*-manhattan,solved,24,20,116,116,0.000778,30.0
grid,16,grid-16-03,astar,manhattan_x3,A*-manhattan_x3,solved,33,18,29,55,0.000228,30.0
grid,16,grid-16-04,bfs,,BFS,solved,48,20,205,31,0.000954,30.0
grid,16,grid-16-04,dfs,,DFS,solved,428,170,170,177,0.000777,30.0
grid,16,grid-16-04,ucs,,UCS,solved,26,20,167,77,0.000896,30.0
grid,16,grid-16-04,ids,,IDS,timeout,,,2503424,18,30.002991,30.0
grid,16,grid-16-04,astar,manhattan,A*-manhattan,solved,26,20,60,69,0.000378,30.0
grid,16,grid-16-04,astar,manhattan_x3,A*-manhattan_x3,solved,26,20,22,45,0.000177,30.0
grid,16,grid-16-05,bfs,,BFS,solved,28,12,190,42,0.000883,30.0
grid,16,grid-16-05,dfs,,DFS,solved,314,132,132,142,0.0006,30.0
grid,16,grid-16-05,ucs,,UCS,solved,14,12,152,84,0.000854,30.0
grid,16,grid-16-05,ids,,IDS,solved,28,12,124145,13,1.517059,30.0
grid,16,grid-16-05,astar,manhattan,A*-manhattan,solved,14,12,40,56,0.000692,30.0
grid,16,grid-16-05,astar,manhattan_x3,A*-manhattan_x3,solved,14,12,13,28,0.000124,30.0
grid,16,grid-16-06,bfs,,BFS,solved,34,12,210,49,0.001037,30.0
grid,16,grid-16-06,dfs,,DFS,solved,253,102,102,114,0.000519,30.0
grid,16,grid-16-06,ucs,,UCS,solved,18,12,203,86,0.002616,30.0
grid,16,grid-16-06,ids,,IDS,solved,34,12,145343,13,1.613934,30.0
grid,16,grid-16-06,astar,manhattan,A*-manhattan,solved,18,12,68,69,0.001194,30.0
grid,16,grid-16-06,astar,manhattan_x3,A*-manhattan_x3,solved,22,12,17,32,0.000446,30.0
grid,16,grid-16-07,bfs,,BFS,solved,40,18,196,34,0.001369,30.0
grid,16,grid-16-07,dfs,,DFS,solved,328,138,138,148,0.001552,30.0
grid,16,grid-16-07,ucs,,UCS,solved,22,18,152,74,0.001853,30.0
grid,16,grid-16-07,ids,,IDS,timeout,,,2090752,17,30.000855,30.0
grid,16,grid-16-07,astar,manhattan,A*-manhattan,solved,22,18,62,72,0.000832,30.0
grid,16,grid-16-07,astar,manhattan_x3,A*-manhattan_x3,solved,22,18,18,38,0.000155,30.0
grid,16,grid-16-08,bfs,,BFS,solved,28,13,198,40,0.001026,30.0
grid,16,grid-16-08,dfs,,DFS,solved,307,115,115,126,0.000593,30.0
grid,16,grid-16-08,ucs,,UCS,solved,17,13,168,102,0.001028,30.0
grid,16,grid-16-08,ids,,IDS,solved,28,13,305351,14,3.498039,30.0
grid,16,grid-16-08,astar,manhattan,A*-manhattan,solved,17,13,38,53,0.000646,30.0
grid,16,grid-16-08,astar,manhattan_x3,A*-manhattan_x3,solved,17,13,13,28,0.000117,30.0
grid,16,grid-16-09,bfs,,BFS,solved,25,15,181,31,0.001012,30.0
grid,16,grid-16-09,dfs,,DFS,solved,146,75,75,88,0.000406,30.0
grid,16,grid-16-09,ucs,,UCS,solved,19,15,144,80,0.001894,30.0
grid,16,grid-16-09,ids,,IDS,solved,25,15,954309,16,12.966602,30.0
grid,16,grid-16-09,astar,manhattan,A*-manhattan,solved,19,15,42,53,0.000658,30.0
grid,16,grid-16-09,astar,manhattan_x3,A*-manhattan_x3,solved,25,15,16,29,0.000385,30.0
