domain,level,config,n,solved,timeouts,expansions_med,expansions_q1,expansions_q3,max_frontier_med,max_frontier_q1,max_frontier_q3,seconds_med,seconds_q1,seconds_q3,cost_med,cost_q1,cost_q3
8puzzle,4,BFS,10,10,0,27.0,22.5,28.0,18.0,18.0,18.0,0.000135,8.775e-05,0.00027825,4.0,4.0,4.0
8puzzle,4,DFS,10,10,0,276.0,38.0,548.0,225.5,35.25,444.0,0.0010249999999999999,0.000259,0.00196025,276.0,38.0,548.0
8puzzle,4,UCS,10,10,0,27.0,22.5,28.0,18.0,18.0,18.0,0.00023249999999999999,0.00011175,0.00031325,4.0,4.0,4.0
8puzzle,4,IDS,10,10,0,24.0,20.0,24.0,5.0,5.0,5.0,0.0003165,0.000147,0.00037375,4.0,4.0,4.0
8puzzle,4,A*-misplaced,10,10,0,4.0,4.0,4.0,6.0,6.0,6.0,0.000129,9.125000000000001e-05,0.00014475,4.0,4.0,4.0
8puzzle,4,A*-manhattan,10,10,0,4.0,4.0,4.0,6.0,6.0,6.0,0.000185,0.000128,0.00020324999999999998,4.0,4.0,4.0
8puzzle,4,A*-manhattan_x3,10,10,0,4.0,4.0,4.0,6.0,6.0,6.0,0.0001735,8.975e-05,0.00018425,4.0,4.0,4.0
8puzzle,8,BFS,10,10,0,227.0,205.0,272.0,143.0,139.0,180.5,0.001291,0.0011695,0.00157875,8.0,8.0,8.0
8puzzle,8,DFS,10,10,0,35984.0,2814.25,53537.0,28190.0,2256.75,41131.25,0.1618395,0.014683250000000002,0.2424675,35146.0,2795.0,51708.5
8puzzle,8,UCS,10,10,0,227.0,205.0,272.0,143.0,139.0,180.5,0.0015025,0.001399,0.0018597499999999999,8.0,8.0,8.0
8puzzle,8,IDS,10,10,0,301.5,270.0,387.75,9.0,9.0,9.0,0.001655,0.001264,0.0019012500000000002,8.0,8.0,8.0
8puzzle,8,A*-misplaced,10,10,0,17.0,15.0,22.5,16.0,15.0,18.25,0.000329,0.000268,0.000392,8.0,8.0,8.0
8puzzle,8,A*-manhattan,10,10,0,11.5,10.25,12.0,12.0,11.0,12.0,0.0004195,0.000388,0.00054875,8.0,8.0,8.0
8puzzle,8,A*-manhattan_x3,10,10,0,10.5,8.5,13.5,11.0,10.0,13.5,0.000349,0.0003365,0.00047375,8.0,8.0,8.0
8puzzle,12,BFS,10,10,0,1398.5,1264.5,1732.5,895.5,839.5,1056.0,0.0049105,0.004418,0.00769325,12.0,12.0,12.0
8puzzle,12,DFS,10,10,0,33556.5,23678.75,49372.0,26346.0,18766.5,38209.25,0.1688,0.1241765,0.26043875,32793.0,23300.0,47848.0
8puzzle,12,UCS,10,10,0,1398.5,1264.5,1732.5,895.5,839.5,1056.0,0.007705,0.00691625,0.00837975,12.0,12.0,12.0
8puzzle,12,IDS,10,10,0,2554.5,2284.5,3271.25,13.0,13.0,13.0,0.0158205,0.01204725,0.018479000000000002,12.0,12.0,12.0
8puzzle,12,A*-misplaced,10,10,0,103.0,86.5,106.5,75.0,64.75,77.75,0.0011245,0.0009185,0.00134525,12.0,12.0,12.0
8puzzle,12,A*-manhattan,10,10,0,39.5,27.25,46.5,28.5,20.5,33.5,0.0007329999999999999,0.000404,0.00098675,12.0,12.0,12.0
8puzzle,12,A*-manhattan_x3,10,10,0,35.5,22.0,47.25,27.0,19.25,35.5,0.0007725,0.00055925,0.00116325,12.0,12.0,12.0
8puzzle,16,BFS,10,10,0,9441.5,8486.0,10056.5,5652.5,5230.5,5864.25,0.047864000000000004,0.04197725,0.051921749999999996,16.0,16.0,16.0
8puzzle,16,DFS,10,10,0,25284.0,9355.5,43813.25,20019.0,7467.0,34048.75,0.121778,0.0465295,0.20560325000000002,24835.0,9257.5,42584.0
8puzzle,16,UCS,10,10,0,9441.5,8486.0,10056.5,5652.5,5230.5,5864.25,0.0622135,0.0579755,0.0735655,16.0,16.0,16.0
8puzzle,16,IDS,10,10,0,25064.0,21410.75,26129.25,17.0,17.0,17.0,0.147233,0.1346075,0.16732675000000002,16.0,16.0,16.0
8puzzle,16,A*-misplaced,10,10,0,551.0,519.25,626.75,365.0,330.5,398.75,0.0056075,0.004495,0.00592275,16.0,16.0,16.0
8puzzle,16,A*-manhattan,10,10,0,128.5,103.25,164.5,86.5,72.5,111.25,0.0019885,0.001753,0.0032355,16.0,16.0,16.0
8puzzle,16,A*-manhattan_x3,10,10,0,172.5,99.75,231.25,112.5,71.25,142.0,0.0035250000000000004,0.0019795,0.00421125,18.0,16.0,20.0
grid,5,BFS,10,10,0,20.0,16.0,21.0,11.0,10.25,11.75,0.000354,0.000295,0.00038100000000000005,6.5,5.25,7.75
grid,5,DFS,10,10,0,12.5,7.25,15.5,14.0,11.25,15.5,0.000215,0.00015125000000000002,0.0003015,30.5,14.75,40.25
grid,5,UCS,10,10,0,15.5,10.75,17.75,12.5,12.0,13.75,0.00024399999999999997,0.00015375,0.000338,6.0,4.25,6.75
grid,5,IDS,10,10,0,40.0,22.5,53.75,5.0,5.0,6.0,0.0009675,0.00049175,0.001141,6.5,5.25,7.75
grid,5,A*-manhattan,10,10,0,9.5,5.25,11.5,12.5,10.0,15.0,0.0002005,0.00015675,0.00025100000000000003,6.0,4.25,6.75
grid,5,A*-manhattan_x3,10,10,0,5.0,4.0,5.75,10.0,8.25,11.0,0.0001395,0.0001215,0.000151,6.0,4.25,6.75
grid,8,BFS,10,10,0,58.5,52.25,59.0,18.0,15.0,18.75,0.000743,0.00043375,0.0009235000000000001,16.5,15.0,26.5
grid,8,DFS,10,10,0,37.0,34.75,39.5,37.0,34.75,43.0,0.000585,0.00039325000000000004,0.0006425000000000001,86.5,73.0,98.5
grid,8,UCS,10,10,0,51.0,38.75,54.5,31.0,27.25,36.0,0.0006825,0.0003305,0.0007845,11.0,9.25,13.75
grid,8,IDS,10,10,0,3187.0,1338.75,5328.75,10.0,9.25,10.75,0.0388445,0.0236485,0.07081375000000001,16.5,15.0,26.5
grid,8,A*-manhattan,10,10,0,25.0,16.25,33.0,36.5,25.0,38.75,0.00044399999999999995,0.00030675,0.00067925,11.0,9.25,13.75
grid,8,A*-manhattan_x3,10,10,0,9.0,8.25,11.25,19.5,17.0,22.25,0.000238,0.00017175,0.00031,13.0,12.25,13.75
grid,12,BFS,10,10,0,117.0,96.75,120.75,30.0,29.25,37.0,0.0011394999999999999,0.000742,0.00137775,24.0,12.25,30.5
grid,12,DFS,10,10,0,76.5,51.5,93.75,84.5,61.5,100.25,0.0009525,0.000408,0.00109975,183.5,131.5,227.0
grid,12,UCS,10,10,0,84.0,74.0,93.75,51.0,49.0,58.0,0.0009980000000000002,0.00095675,0.00117775,12.5,11.0,13.75
grid,12,IDS,10,10,0,20068.0,2487.0,59057.0,11.5,8.5,12.75,0.306468,0.04622475,0.89201925,24.0,12.25,30.5
grid,12,A*-manhattan,10,10,0,26.0,19.0,30.5,38.0,30.0,43.5,0.00042500000000000003,0.00025775,0.000594,12.5,11.0,13.75
grid,12,A*-manhattan_x3,10,10,0,11.5,8.5,12.75,25.0,19.0,26.0,0.0002175,0.0001885,0.00028175,13.0,11.25,15.5
grid,16,BFS,10,10,0,207.5,196.5,220.0,38.0,34.5,41.5,0.0010615,0.0010155000000000001,0.0013224999999999999,32.0,28.0,43.75
grid,16,DFS,10,10,0,137.5,119.25,159.5,147.5,130.0,167.75,0.00074,0.00059475,0.0009305,321.0,307.25,370.5
grid,16,UCS,10,10,0,177.0,155.75,204.5,86.5,81.0,89.25,0.0018735000000000002,0.001109,0.0025085,19.5,18.25,23.5
grid,16,IDS,10,4,6,225347.0,140043.5,467590.5,13.5,13.0,14.5,2.5559865,1.58971525,5.865179749999999,28.0,27.25,29.5
grid,16,A*-manhattan,10,10,0,65.0,46.5,72.75,70.5,59.25,89.25,0.000675,0.000571,0.0008185,19.5,18.25,23.5
grid,16,A*-manhattan_x3,10,10,0,17.5,16.0,18.75,36.0,29.75,39.5,0.0001685,0.000146,0.00034575,22.0,20.25,24.75
