id,kind,size,answers,raw,first_parsed,first_strict,first_legal,final_move,fallback,correct_first,correct_final,calls,cached_first,seconds_first,eval_count,prompt_eval_count
block-06-01,block,6,5,5,5,1,1,5,0,1,1,1,0,2.318,2,151
win-06-01,win,6,3,4,4,1,1,4,0,0,0,1,0,2.104,2,152
win-06-02,win,6,3,4,4,1,1,4,0,0,0,1,0,2.226,2,152
win-06-03,win,6,3,3,3,1,1,3,0,1,1,1,0,2.105,2,151
win-06-04,win,6,3,3,3,1,1,3,0,1,1,1,0,2.236,2,153
win-06-05,win,6,4,4,4,1,1,4,0,1,1,1,0,2.283,2,152
block-06-02,block,6,5,4,4,1,1,4,0,0,0,1,0,2.114,2,152
block-06-03,block,6,1,4,4,1,1,4,0,0,0,1,0,2.093,2,152
win-06-06,win,6,2,4,4,1,1,4,0,0,0,1,0,2.184,2,152
block-06-04,block,6,3,4,4,1,1,4,0,0,0,1,0,2.117,2,152
block-06-05,block,6,1,4,4,1,1,4,0,0,0,1,0,2.229,2,151
win-06-07,win,6,1,4,4,1,1,4,0,0,0,1,0,2.1,2,152
win-06-08,win,6,1,4,4,1,1,4,0,0,0,1,0,2.21,2,151
block-06-06,block,6,2,4,4,1,1,4,0,0,0,1,0,2.329,2,152
block-06-07,block,6,3,4,4,1,1,4,0,0,0,1,0,2.132,2,151
block-06-08,block,6,3,4,4,1,1,4,0,0,0,1,0,2.109,2,151
block-06-09,block,6,2,4,4,1,1,4,0,0,0,1,0,2.246,2,153
win-06-09,win,6,2,3,3,1,1,3,0,0,0,1,0,2.094,2,151
block-06-10,block,6,2,4,4,1,1,4,0,0,0,1,0,2.197,2,151
win-06-10,win,6,6,4,4,1,1,4,0,0,0,1,0,2.089,2,151
win-12-01,win,12,2,3,3,1,1,3,0,0,0,1,0,2.229,2,152
block-12-01,block,12,4,5,5,1,1,5,0,0,0,1,0,2.287,2,152
block-12-02,block,12,1,3,3,1,1,3,0,0,0,1,0,2.09,2,154
block-12-03,block,12,3,4,4,1,1,4,0,0,0,1,0,2.265,2,153
block-12-04,block,12,3,4,4,1,1,4,0,0,0,1,0,2.296,2,153
win-12-02,win,12,6,4,4,1,1,4,0,0,0,1,0,2.242,2,151
win-12-03,win,12,3,4,4,1,1,4,0,0,0,1,0,2.083,2,153
win-12-04,win,12,5,4,4,1,1,4,0,0,0,1,0,2.265,2,152
win-12-05,win,12,6,5,5,1,1,5,0,0,0,1,0,2.242,2,154
win-12-06,win,12,5,5,5,1,1,5,0,1,1,1,0,2.122,2,152
win-12-07,win,12,6,3,3,1,1,3,0,0,0,1,0,2.249,2,152
win-12-08,win,12,3,3,3,1,1,3,0,1,1,1,0,2.31,2,152
win-12-09,win,12,2,4,4,1,1,4,0,0,0,1,0,2.086,2,152
block-12-05,block,12,1,4,4,1,1,4,0,0,0,1,0,2.256,2,151
block-12-06,block,12,0,3,3,1,1,3,0,0,0,1,0,2.268,2,151
win-12-10,win,12,1,4,4,1,1,4,0,0,0,1,0,2.125,2,153
block-12-07,block,12,5,4,4,1,1,4,0,0,0,1,0,2.254,2,153
block-12-08,block,12,5,4,4,1,1,4,0,0,0,1,0,2.264,2,151
block-12-09,block,12,1,4,4,1,1,4,0,0,0,1,0,2.236,2,152
block-12-10,block,12,4,3,3,1,1,3,0,0,0,1,0,2.119,2,154
win-18-01,win,18,3,3,3,1,1,3,0,1,1,1,0,2.245,2,154
win-18-02,win,18,1,6,6,1,1,6,0,0,0,1,0,2.317,2,150
win-18-03,win,18,2,4,4,1,1,4,0,0,0,1,0,2.107,2,154
win-18-04,win,18,3,4,4,1,1,4,0,0,0,1,0,2.255,2,153
block-18-01,block,18,5,4,4,1,1,4,0,0,0,1,0,2.243,2,154
win-18-05,win,18,2,4,4,1,1,4,0,0,0,1,0,2.167,2,153
win-18-06,win,18,3,3,3,1,1,3,0,1,1,1,0,2.105,2,154
win-18-07,win,18,3,2,2,1,1,2,0,0,0,1,0,2.273,2,154
win-18-08,win,18,2,2,2,1,1,2,0,1,1,1,0,2.197,2,154
win-18-09,win,18,1 3,4,4,1,1,4,0,0,0,1,0,2.239,2,153
block-18-02,block,18,5,2,2,1,1,2,0,0,0,1,0,2.187,2,154
win-18-10,win,18,3,4,4,1,1,4,0,0,0,1,0,2.197,2,153
block-18-03,block,18,3,3,3,1,1,3,0,1,1,1,0,2.113,2,152
block-18-04,block,18,3,3,3,1,1,3,0,1,1,1,0,2.239,2,153
block-18-05,block,18,0,6,6,1,1,6,0,0,0,1,0,2.104,2,151
block-18-06,block,18,4,3,3,1,1,3,0,0,0,1,0,2.247,2,153
block-18-07,block,18,1,3,3,1,1,3,0,0,0,1,0,2.283,2,152
block-18-08,block,18,3,4,4,1,1,4,0,0,0,1,0,2.131,2,152
block-18-09,block,18,3,3,3,1,1,3,0,1,1,1,0,2.236,2,151
block-18-10,block,18,1,1,1,1,1,1,0,1,1,1,0,2.217,2,155
win-24-01,win,24,6,6,6,1,1,6,0,1,1,1,0,2.19,2,147
win-24-02,win,24,1,4,4,1,1,4,0,0,0,1,0,2.106,2,150
win-24-03,win,24,1,3,3,1,1,3,0,0,0,1,0,2.229,2,156
block-24-01,block,24,6,6,6,1,1,6,0,1,1,1,0,2.105,2,151
win-24-04,win,24,2,5,5,1,1,5,0,0,0,1,0,2.237,2,147
win-24-05,win,24,5,3,3,1,1,3,0,0,0,1,0,2.3,2,149
win-24-06,win,24,3,1,1,1,1,1,0,0,0,1,0,2.112,2,152
block-24-02,block,24,4,6,6,1,1,6,0,0,0,1,0,2.117,2,152
win-24-07,win,24,5,1,1,1,1,1,0,0,0,1,0,2.266,2,155
block-24-03,block,24,2,6,6,1,1,6,0,0,0,1,0,2.098,2,149
win-24-08,win,24,3,3,3,1,1,3,0,1,1,1,0,2.201,2,153
block-24-04,block,24,4,6,6,1,1,6,0,0,0,1,0,2.193,2,151
win-24-09,win,24,6,6,6,1,1,6,0,1,1,1,0,2.129,2,151
win-24-10,win,24,2,5,5,1,1,5,0,0,0,1,0,2.239,2,148
block-24-05,block,24,2,6,6,1,1,6,0,0,0,1,0,2.114,2,146
block-24-06,block,24,3,6,6,1,1,6,0,0,0,1,0,2.254,2,150
block-24-07,block,24,6,3,3,1,1,3,0,0,0,1,0,2.256,2,151
block-24-08,block,24,4,6,6,1,1,6,0,0,0,1,0,2.116,2,151
block-24-09,block,24,3,4,4,1,1,4,0,0,0,1,0,2.238,2,151
block-24-10,block,24,6,6,6,1,1,6,0,1,1,1,0,2.3,2,154
