game,ply,llm_color,raw,first_legal,move,fallback,calls,seconds,had_win,missed_win,threats,missed_block,board_seen
g0X,2,X,4,1,4,0,1,2.108,,0,,0,"|. . . . . . .|
|. . . . . . .|
|. . . . . . .|
|. . . . . . .|
|. . . O . . .|
|. . . X . . .|
 0 1 2 3 4 5 6"
g0X,4,X,4,1,4,0,1,2.307,,0,,0,"|. . . . . . .|
|. . . . . . .|
|. . . . . . .|
|. . . . . . .|
|. . . O . . .|
|. . . X X O .|
 0 1 2 3 4 5 6"
g0X,6,X,4,1,4,0,1,2.108,,0,,0,"|. . . . . . .|
|. . . . . . .|
|. . . . . . .|
|. . . . O . .|
|. . . O X . .|
|. . . X X O .|
 0 1 2 3 4 5 6"
g0X,8,X,4,1,4,0,1,2.252,,0,,0,"|. . . . . . .|
|. . . . . . .|
|. . . . X . .|
|. . . O O . .|
|. . . O X . .|
|. . . X X O .|
 0 1 2 3 4 5 6"
g0X,10,X,4,1,4,0,1,2.283,,0,3,1,"|. . . . . . .|
|. . . . X . .|
|. . . O X . .|
|. . . O O . .|
|. . . O X . .|
|. . . X X O .|
 0 1 2 3 4 5 6"
g0O,3,O,4,1,4,0,1,2.307,,0,,0,"|. . . . . . .|
|. . . . . . .|
|. . . . . . .|
|. . . O . . .|
|. . . X . . .|
|. . . O . . .|
 0 1 2 3 4 5 6"
g0O,5,O,4,1,4,0,1,2.086,,0,,0,"|. . . . . . .|
|. . . . . . .|
|. . . . . . .|
|. . . O . . .|
|. . . X O . .|
|. . . O X . .|
 0 1 2 3 4 5 6"
g0O,7,O,3,1,3,0,1,2.232,,0,,0,"|. . . . . . .|
|. . . . . . .|
|. . . . O . .|
|. . . O X . .|
|. . . X O . .|
|. . . O X . .|
 0 1 2 3 4 5 6"
g0O,9,O,5,1,5,0,1,2.334,,0,,0,"|. . . . . . .|
|. . . . . . .|
|. . . X O . .|
|. . . O X . .|
|. . . X O . .|
|. O . O X . .|
 0 1 2 3 4 5 6"
g0O,11,O,5,1,5,0,1,2.348,,0,0 2,0,"|. . . . . . .|
|. . . . . . .|
|. . . X O . .|
|. . . O X . .|
|. . . X O . .|
|. O O O X X .|
 0 1 2 3 4 5 6"
g1X,2,X,2,1,2,0,1,2.325,,0,,0,"|. . . . . . .|
|. . . . . . .|
|. . . . . . .|
|. . . . . . .|
|. . . . . . .|
|. X . . O . .|
 0 1 2 3 4 5 6"
g1X,4,X,2,1,2,0,1,2.181,,0,,0,"|. . . . . . .|
|. . . . . . .|
|. . . . . . .|
|. . . . . . .|
|. . . . . . .|
|. X X O O . .|
 0 1 2 3 4 5 6"
g1X,6,X,4,1,4,0,1,2.239,,0,,0,"|. . . . . . .|
|. . . . . . .|
|. . . . . . .|
|. . . . . . .|
|. . X . O . .|
|. X X O O . .|
 0 1 2 3 4 5 6"
g1X,8,X,4,1,4,0,1,2.198,,0,6,1,"|. . . . . . .|
|. . . . . . .|
|. . . . . . .|
|. . . . X . .|
|. . X . O . .|
|. X X O O O .|
 0 1 2 3 4 5 6"
g1O,3,O,2,1,2,0,1,2.075,,0,,0,"|. . . . . . .|
|. . . . . . .|
|. . . . . . .|
|. . . . . . .|
|. . . . . . .|
|. O . O X . .|
 0 1 2 3 4 5 6"
g1O,5,O,4,1,4,0,1,2.204,,0,,0,"|. . . . . . .|
|. . . . . . .|
|. . . . . . .|
|. . . . . . .|
|. . O . . . .|
|. O X O X . .|
 0 1 2 3 4 5 6"
g1O,7,O,4,1,4,0,1,2.076,,0,,0,"|. . . . . . .|
|. . . . . . .|
|. . . . . . .|
|. . . . O . .|
|. . O . X . .|
|. O X O X . .|
 0 1 2 3 4 5 6"
g1O,9,O,4,1,4,0,1,2.25,,0,,0,"|. . . . . . .|
|. . . . . . .|
|. . . . X . .|
|. . . . O . .|
|. . O O X . .|
|. O X O X . .|
 0 1 2 3 4 5 6"
g1O,11,O,4,1,4,0,1,2.284,,0,,0,"|. . . . . . .|
|. . . . X . .|
|. . . . X . .|
|. . . . O . .|
|. O O O X . .|
|. O X O X . .|
 0 1 2 3 4 5 6"
g1O,13,O,5,1,5,0,1,2.292,,0,1,1,"|. . . . X . .|
|. . . . X . .|
|. . . . X . .|
|. O . . O . .|
|. O O O X . .|
|. O X O X . .|
 0 1 2 3 4 5 6"
g2X,2,X,2,1,2,0,1,2.256,,0,,0,"|. . . . . . .|
|. . . . . . .|
|. . . . . . .|
|. . . . . . .|
|. . . . . . .|
|O . . . . X .|
 0 1 2 3 4 5 6"
g2X,4,X,1,1,1,0,1,2.251,,0,,0,"|. . . . . . .|
|. . . . . . .|
|. . . . . . .|
|. . . . . . .|
|. . . . . . .|
|O . X O . X .|
 0 1 2 3 4 5 6"
g2X,6,X,4,1,4,0,1,2.363,,0,,0,"|. . . . . . .|
|. . . . . . .|
|. . . . . . .|
|. . . . . . .|
|. . . O . . .|
|O X X O . X .|
 0 1 2 3 4 5 6"
g2X,8,X,4,1,4,0,1,2.276,,0,,0,"|. . . . . . .|
|. . . . . . .|
|. . . . . . .|
|. . . . . . .|
|. . O O . . .|
|O X X O X X .|
 0 1 2 3 4 5 6"
g2X,10,X,4,1,4,0,1,2.38,,0,0,1,"|. . . . . . .|
|. . . . . . .|
|. . . . . . .|
|. . . . . . .|
|. O O O X . .|
|O X X O X X .|
 0 1 2 3 4 5 6"
g2O,3,O,2,1,2,0,1,2.106,,0,,0,"|. . . . . . .|
|. . . . . . .|
|. . . . . . .|
|. . . . . . .|
|. . . . . . .|
|X . . O . O .|
 0 1 2 3 4 5 6"
g2O,5,O,2,1,2,0,1,2.155,,0,,0,"|. . . . . . .|
|. . . . . . .|
|. . . . . . .|
|. . . . . . .|
|. . . O . . .|
|X . X O . O .|
 0 1 2 3 4 5 6"
g2O,7,O,4,1,4,0,1,2.229,,0,3,1,"|. . . . . . .|
|. . . . . . .|
|. . . . . . .|
|. . . O . . .|
|. . X O . . .|
|X . X O . O .|
 0 1 2 3 4 5 6"
g3X,2,X,5,1,5,0,1,2.246,,0,,0,"|. . . . . . .|
|. . . . . . .|
|. . . . . . .|
|. . . . . . .|
|. . . . . . .|
|. X O . . . .|
 0 1 2 3 4 5 6"
g3X,4,X,4,1,4,0,1,2.135,,0,,0,"|. . . . . . .|
|. . . . . . .|
|. . . . . . .|
|. . . . . . .|
|. O . . . . .|
|. X O . . X .|
 0 1 2 3 4 5 6"
g3X,6,X,4,1,4,0,1,2.227,,0,,0,"|. . . . . . .|
|. . . . . . .|
|. . . . . . .|
|. . . . . . .|
|. O . . O . .|
|. X O . X X .|
 0 1 2 3 4 5 6"
g3X,8,X,4,1,4,0,1,2.1,,0,,0,"|. . . . . . .|
|. . . . . . .|
|. . . . . . .|
|. . . . X . .|
|. O O . O . .|
|. X O . X X .|
 0 1 2 3 4 5 6"
g3X,10,X,4,1,4,0,1,2.228,,0,2,1,"|. . . . . . .|
|. . . . . . .|
|. . . . X . .|
|. . O . X . .|
|. O O . O . .|
|. X O . X X .|
 0 1 2 3 4 5 6"
g3O,3,O,4,1,4,0,1,2.111,,0,,0,"|. . . . . . .|
|. . . . . . .|
|. . . . . . .|
|. . . . . . .|
|. . O . . . .|
|. O X . . . .|
 0 1 2 3 4 5 6"
g3O,5,O,4,1,4,0,1,2.222,,0,,0,"|. . . . . . .|
|. . . . . . .|
|. . . . . . .|
|. . . . . . .|
|. . O . O . .|
|. O X . X . .|
 0 1 2 3 4 5 6"
g3O,7,O,4,1,4,0,1,2.287,,0,,0,"|. . . . . . .|
|. . . . . . .|
|. . . . . . .|
|. . . . X . .|
|. . O . O . .|
|. O X . X O .|
 0 1 2 3 4 5 6"
g3O,9,O,4,1,4,0,1,2.298,,0,,0,"|. . . . . . .|
|. . . . . . .|
|. . . . X . .|
|. . . . X . .|
|. O O . O . .|
|. O X . X O .|
 0 1 2 3 4 5 6"
g3O,11,O,5,1,5,0,1,2.237,,0,,0,"|. . . . O . .|
|. . . . X . .|
|. . . . X . .|
|. . . . X . .|
|. O O . O . .|
|. O X . X O .|
 0 1 2 3 4 5 6"
g3O,13,O,5,1,5,0,1,2.269,,0,,0,"|. . . . O . .|
|. . . . X . .|
|. . . . X . .|
|. . . . X . .|
|. O O . O X .|
|O O X . X O .|
 0 1 2 3 4 5 6"
g3O,15,O,6,1,6,0,1,2.203,,0,1,1,"|. . . . O . .|
|. . . . X . .|
|. . . . X . .|
|. O . . X X .|
|. O O . O X .|
|O O X . X O .|
 0 1 2 3 4 5 6"
