id,kind,size,temperature,seed,raw,parsed,legal,correct,cached,seconds
win-06-01,win,6,0.0,1,4,4,1,0,0,2.265
win-06-01,win,6,0.0,2,2,2,1,0,0,2.206
win-06-01,win,6,0.0,3,2,2,1,0,0,2.087
win-06-01,win,6,0.0,4,2,2,1,0,0,2.204
win-06-01,win,6,0.0,5,2,2,1,0,0,2.111
win-06-02,win,6,0.0,1,4,4,1,0,0,2.201
win-06-02,win,6,0.0,2,4,4,1,0,0,2.184
win-06-02,win,6,0.0,3,4,4,1,0,0,2.075
win-06-02,win,6,0.0,4,4,4,1,0,0,2.191
win-06-02,win,6,0.0,5,4,4,1,0,0,2.082
win-06-03,win,6,0.0,1,3,3,1,1,0,2.231
win-06-03,win,6,0.0,2,3,3,1,1,0,2.09
win-06-03,win,6,0.0,3,3,3,1,1,0,2.208
win-06-03,win,6,0.0,4,3,3,1,1,0,2.338
win-06-03,win,6,0.0,5,3,3,1,1,0,2.066
block-06-01,block,6,0.0,1,5,5,1,1,0,2.095
block-06-01,block,6,0.0,2,5,5,1,1,0,2.205
block-06-01,block,6,0.0,3,5,5,1,1,0,2.068
block-06-01,block,6,0.0,4,5,5,1,1,0,2.193
block-06-01,block,6,0.0,5,5,5,1,1,0,2.08
block-06-02,block,6,0.0,1,4,4,1,0,0,2.225
block-06-02,block,6,0.0,2,4,4,1,0,0,2.065
block-06-02,block,6,0.0,3,4,4,1,0,0,2.196
block-06-02,block,6,0.0,4,4,4,1,0,0,2.343
block-06-02,block,6,0.0,5,4,4,1,0,0,2.073
win-12-01,win,12,0.0,1,3,3,1,0,0,2.117
win-12-01,win,12,0.0,2,3,3,1,0,0,2.184
win-12-01,win,12,0.0,3,3,3,1,0,0,2.066
win-12-01,win,12,0.0,4,3,3,1,0,0,2.21
win-12-01,win,12,0.0,5,3,3,1,0,0,2.198
win-12-02,win,12,0.0,1,4,4,1,0,0,2.259
win-12-02,win,12,0.0,2,4,4,1,0,0,2.259
win-12-02,win,12,0.0,3,4,4,1,0,0,2.077
win-12-02,win,12,0.0,4,4,4,1,0,0,2.171
win-12-02,win,12,0.0,5,4,4,1,0,0,2.244
win-12-03,win,12,0.0,1,4,4,1,0,0,2.099
win-12-03,win,12,0.0,2,4,4,1,0,0,2.196
win-12-03,win,12,0.0,3,4,4,1,0,0,2.184
win-12-03,win,12,0.0,4,4,4,1,0,0,2.092
win-12-03,win,12,0.0,5,4,4,1,0,0,2.231
block-12-01,block,12,0.0,1,5,5,1,0,0,2.234
block-12-01,block,12,0.0,2,5,5,1,0,0,2.098
block-12-01,block,12,0.0,3,5,5,1,0,0,2.222
block-12-01,block,12,0.0,4,5,5,1,0,0,2.061
block-12-01,block,12,0.0,5,5,5,1,0,0,2.229
block-12-02,block,12,0.0,1,3,3,1,0,0,2.308
block-12-02,block,12,0.0,2,3,3,1,0,0,2.069
block-12-02,block,12,0.0,3,3,3,1,0,0,2.194
block-12-02,block,12,0.0,4,3,3,1,0,0,2.066
block-12-02,block,12,0.0,5,3,3,1,0,0,2.203
win-18-01,win,18,0.0,1,3,3,1,1,0,2.355
win-18-01,win,18,0.0,2,3,3,1,1,0,2.055
win-18-01,win,18,0.0,3,3,3,1,1,0,2.081
win-18-01,win,18,0.0,4,3,3,1,1,0,2.208
win-18-01,win,18,0.0,5,3,3,1,1,0,2.041
win-18-02,win,18,0.0,1,6,6,1,0,0,2.214
win-18-02,win,18,0.0,2,6,6,1,0,0,2.077
win-18-02,win,18,0.0,3,6,6,1,0,0,2.203
win-18-02,win,18,0.0,4,6,6,1,0,0,2.07
win-18-02,win,18,0.0,5,6,6,1,0,0,2.198
win-18-03,win,18,0.0,1,4,4,1,0,0,2.237
win-18-03,win,18,0.0,2,4,4,1,0,0,2.083
win-18-03,win,18,0.0,3,4,4,1,0,0,2.206
win-18-03,win,18,0.0,4,4,4,1,0,0,2.079
win-18-03,win,18,0.0,5,4,4,1,0,0,2.185
block-18-01,block,18,0.0,1,4,4,1,0,0,2.223
block-18-01,block,18,0.0,2,3,3,1,0,0,2.094
block-18-01,block,18,0.0,3,3,3,1,0,0,2.182
block-18-01,block,18,0.0,4,3,3,1,0,0,2.075
block-18-01,block,18,0.0,5,3,3,1,0,0,2.201
block-18-02,block,18,0.0,1,2,2,1,0,0,2.084
block-18-02,block,18,0.0,2,2,2,1,0,0,2.189
block-18-02,block,18,0.0,3,2,2,1,0,0,2.221
block-18-02,block,18,0.0,4,2,2,1,0,0,2.086
block-18-02,block,18,0.0,5,2,2,1,0,0,2.202
win-24-01,win,24,0.0,1,6,6,1,1,0,2.22
win-24-01,win,24,0.0,2,6,6,1,1,0,2.074
win-24-01,win,24,0.0,3,6,6,1,1,0,2.188
win-24-01,win,24,0.0,4,6,6,1,1,0,2.242
win-24-01,win,24,0.0,5,6,6,1,1,0,2.186
win-24-02,win,24,0.0,1,4,4,1,0,0,2.31
win-24-02,win,24,0.0,2,4,4,1,0,0,2.089
win-24-02,win,24,0.0,3,4,4,1,0,0,2.088
win-24-02,win,24,0.0,4,4,4,1,0,0,2.178
win-24-02,win,24,0.0,5,4,4,1,0,0,2.056
win-24-03,win,24,0.0,1,1,1,1,1,0,2.184
win-24-03,win,24,0.0,2,1,1,1,1,0,2.05
win-24-03,win,24,0.0,3,1,1,1,1,0,2.195
win-24-03,win,24,0.0,4,1,1,1,1,0,2.313
win-24-03,win,24,0.0,5,1,1,1,1,0,2.068
block-24-01,block,24,0.0,1,6,6,1,1,0,2.263
block-24-01,block,24,0.0,2,6,6,1,1,0,2.083
block-24-01,block,24,0.0,3,6,6,1,1,0,2.19
block-24-01,block,24,0.0,4,6,6,1,1,0,2.18
block-24-01,block,24,0.0,5,6,6,1,1,0,2.064
block-24-02,block,24,0.0,1,6,6,1,0,0,2.201
block-24-02,block,24,0.0,2,6,6,1,0,0,2.321
block-24-02,block,24,0.0,3,6,6,1,0,0,2.065
block-24-02,block,24,0.0,4,6,6,1,0,0,2.2
block-24-02,block,24,0.0,5,6,6,1,0,0,2.217
win-06-01,win,6,0.7,1,3,3,1,1,0,2.33
win-06-01,win,6,0.7,2,2,2,1,0,0,2.219
win-06-01,win,6,0.7,3,2,2,1,0,0,2.174
win-06-01,win,6,0.7,4,3,3,1,1,0,2.051
win-06-01,win,6,0.7,5,2,2,1,0,0,2.189
win-06-02,win,6,0.7,1,5,5,1,0,0,2.356
win-06-02,win,6,0.7,2,4,4,1,0,0,2.061
win-06-02,win,6,0.7,3,4,4,1,0,0,2.073
win-06-02,win,6,0.7,4,5,5,1,0,0,2.182
win-06-02,win,6,0.7,5,4,4,1,0,0,2.256
win-06-03,win,6,0.7,1,4,4,1,0,0,2.078
win-06-03,win,6,0.7,2,3,3,1,1,0,2.206
win-06-03,win,6,0.7,3,3,3,1,1,0,2.308
win-06-03,win,6,0.7,4,4,4,1,0,0,2.085
win-06-03,win,6,0.7,5,3,3,1,1,0,2.097
block-06-01,block,6,0.7,1,2,2,1,0,0,2.242
block-06-01,block,6,0.7,2,5,5,1,1,0,2.052
block-06-01,block,6,0.7,3,5,5,1,1,0,2.22
block-06-01,block,6,0.7,4,3,3,1,0,0,2.202
block-06-01,block,6,0.7,5,5,5,1,1,0,2.045
block-06-02,block,6,0.7,1,5,5,1,1,0,2.224
block-06-02,block,6,0.7,2,4,4,1,0,0,2.067
block-06-02,block,6,0.7,3,4,4,1,0,0,2.214
block-06-02,block,6,0.7,4,4,4,1,0,0,2.103
block-06-02,block,6,0.7,5,4,4,1,0,0,2.197
win-12-01,win,12,0.7,1,5,5,1,0,0,2.115
win-12-01,win,12,0.7,2,3,3,1,0,0,2.214
win-12-01,win,12,0.7,3,3,3,1,0,0,2.264
win-12-01,win,12,0.7,4,4,4,1,0,0,2.064
win-12-01,win,12,0.7,5,3,3,1,0,0,2.187
win-12-02,win,12,0.7,1,5,5,1,0,0,2.342
win-12-02,win,12,0.7,2,4,4,1,0,0,2.05
win-12-02,win,12,0.7,3,4,4,1,0,0,2.178
win-12-02,win,12,0.7,4,5,5,1,0,0,2.205
win-12-02,win,12,0.7,5,4,4,1,0,0,2.05
win-12-03,win,12,0.7,1,5,5,1,0,0,2.24
win-12-03,win,12,0.7,2,4,4,1,0,0,2.064
win-12-03,win,12,0.7,3,4,4,1,0,0,2.184
win-12-03,win,12,0.7,4,5,5,1,0,0,2.182
win-12-03,win,12,0.7,5,4,4,1,0,0,2.069
block-12-01,block,12,0.7,1,4,4,1,1,0,2.247
block-12-01,block,12,0.7,2,5,5,1,0,0,2.067
block-12-01,block,12,0.7,3,5,5,1,0,0,2.202
block-12-01,block,12,0.7,4,4,4,1,1,0,2.193
block-12-01,block,12,0.7,5,5,5,1,0,0,2.056
block-12-02,block,12,0.7,1,5,5,1,0,0,2.145
block-12-02,block,12,0.7,2,3,3,1,0,0,2.099
block-12-02,block,12,0.7,3,3,3,1,0,0,2.164
block-12-02,block,12,0.7,4,5,5,1,0,0,2.312
block-12-02,block,12,0.7,5,3,3,1,0,0,2.093
win-18-01,win,18,0.7,1,2,2,1,0,0,2.257
win-18-01,win,18,0.7,2,3,3,1,1,0,2.05
win-18-01,win,18,0.7,3,3,3,1,1,0,2.189
win-18-01,win,18,0.7,4,4,4,1,0,0,2.219
win-18-01,win,18,0.7,5,3,3,1,1,0,2.07
win-18-02,win,18,0.7,1,6,6,1,0,0,2.209
win-18-02,win,18,0.7,2,6,6,1,0,0,2.084
win-18-02,win,18,0.7,3,6,6,1,0,0,2.17
win-18-02,win,18,0.7,4,6,6,1,0,0,2.216
win-18-02,win,18,0.7,5,6,6,1,0,0,2.105
win-18-03,win,18,0.7,1,5,5,1,0,0,2.267
win-18-03,win,18,0.7,2,4,4,1,0,0,2.068
win-18-03,win,18,0.7,3,4,4,1,0,0,2.181
win-18-03,win,18,0.7,4,5,5,1,0,0,2.198
win-18-03,win,18,0.7,5,4,4,1,0,0,2.072
block-18-01,block,18,0.7,1,1,1,1,0,0,2.226
block-18-01,block,18,0.7,2,3,3,1,0,0,2.079
block-18-01,block,18,0.7,3,3,3,1,0,0,2.196
block-18-01,block,18,0.7,4,2,2,1,0,0,2.094
block-18-01,block,18,0.7,5,3,3,1,0,0,2.185
block-18-02,block,18,0.7,1,4,4,1,0,0,2.316
block-18-02,block,18,0.7,2,2,2,1,0,0,2.076
block-18-02,block,18,0.7,3,2,2,1,0,0,2.074
block-18-02,block,18,0.7,4,4,4,1,0,0,2.186
block-18-02,block,18,0.7,5,2,2,1,0,0,2.052
win-24-01,win,24,0.7,1,3,3,1,0,0,2.206
win-24-01,win,24,0.7,2,6,6,1,1,0,2.065
win-24-01,win,24,0.7,3,6,6,1,1,0,2.166
win-24-01,win,24,0.7,4,3,3,1,0,0,2.23
win-24-01,win,24,0.7,5,6,6,1,1,0,2.308
win-24-02,win,24,0.7,1,4,4,1,0,0,2.26
win-24-02,win,24,0.7,2,4,4,1,0,0,2.206
win-24-02,win,24,0.7,3,4,4,1,0,0,2.319
win-24-02,win,24,0.7,4,4,4,1,0,0,2.073
win-24-02,win,24,0.7,5,4,4,1,0,0,2.062
win-24-03,win,24,0.7,1,4,4,1,0,0,2.211
win-24-03,win,24,0.7,2,1,1,1,1,0,2.287
win-24-03,win,24,0.7,3,1,1,1,1,0,2.071
win-24-03,win,24,0.7,4,2,2,1,0,0,2.199
win-24-03,win,24,0.7,5,1,1,1,1,0,2.295
block-24-01,block,24,0.7,1,5,5,1,0,0,2.072
block-24-01,block,24,0.7,2,6,6,1,1,0,2.068
block-24-01,block,24,0.7,3,6,6,1,1,0,2.18
block-24-01,block,24,0.7,4,6,6,1,1,0,2.061
block-24-01,block,24,0.7,5,6,6,1,1,0,2.177
block-24-02,block,24,0.7,1,6,6,1,0,0,2.066
block-24-02,block,24,0.7,2,6,6,1,0,0,2.196
block-24-02,block,24,0.7,3,6,6,1,0,0,2.222
block-24-02,block,24,0.7,4,6,6,1,0,0,2.3
block-24-02,block,24,0.7,5,6,6,1,0,0,2.26
