id,category,answer,raw_response
p06,incorrect,"{""red"": ""2"", ""silver"": ""3"", ""black"": ""1""}","{""red"": ""2"", ""silver"": ""3"", ""black"": ""1""}"
p07,incorrect,"{""Ada"": ""3"", ""Ben"": ""1"", ""Cy"": ""2"", ""Dee"": ""4""}","{""Ada"": ""3"", ""Ben"": ""1"", ""Cy"": ""2"", ""Dee"": ""4""}"
p08,correct,"{""A"": ""white"", ""B"": ""gray"", ""C"": ""white""}","{""A"": ""white"", ""B"": ""gray"", ""C"": ""white""}"
p09,incorrect,"{""Novel"": ""1"", ""Poems"": ""4"", ""Essays"": ""3"", ""Manual"": ""2"", ""Comic"": ""5""}","{""Novel"": ""1"", ""Poems"": ""4"", ""Essays"": ""3"", ""Manual"": ""2"", ""Comic"": ""5""}"
p10,incorrect,"{""Dishes"": ""Monday"", ""Vacuum"": ""Thursday"", ""Trash"": ""Wed"", ""Laundry"": ""Tue""}","{""Dishes"": ""Monday"", ""Vacuum"": ""Thursday"", ""Trash"": ""Wed"", ""Laundry"": ""Tue""}"
p11,correct,"{""X"": ""plum"", ""Y"": ""teal"", ""Z"": ""olive""}","{""X"": ""plum"", ""Y"": ""teal"", ""Z"": ""olive""}"
p12,incorrect,"{""P"": ""1"", ""Q"": ""3"", ""R"": ""2"", ""S"": ""4""}","{""P"": ""1"", ""Q"": ""3"", ""R"": ""2"", ""S"": ""4""}"
p13,incorrect,"{""Al"": 1, ""Bo"": 4, ""Cy"": 2, ""Di"": 5, ""Ed"": 3}","{""Al"": 1, ""Bo"": 4, ""Cy"": 2, ""Di"": 5, ""Ed"": 3}"
p14,correct,"{""Lamp1"": ""on"", ""Lamp2"": ""off"", ""Lamp3"": ""on""}","{""Lamp1"": ""on"", ""Lamp2"": ""off"", ""Lamp3"": ""on""}"
p15,correct,"{""N"": ""red"", ""S"": ""green"", ""E"": ""yellow"", ""W"": ""blue""}","{""N"": ""red"", ""S"": ""green"", ""E"": ""yellow"", ""W"": ""blue""}"
p16,incorrect,"{""Ana"": """", ""Bob"": """", ""Cara"": """", ""Tom"": """", ""Uma"": ""A"", ""Val"": """"}","{""Ana"": """", ""Bob"": """", ""Cara"": """", ""Tom"": """", ""Uma"": ""A"", ""Val"": """"}"
p17,correct,"{""S1"": ""up"", ""S2"": ""down"", ""S3"": ""up"", ""S4"": ""down""}","{""S1"": ""up"", ""S2"": ""down"", ""S3"": ""up"", ""S4"": ""down""}"
p18,incorrect,"{""Ana"": ""3"", ""Bea"": ""2"", ""Cam"": ""4"", ""Dan"": ""1"", ""Eli"": ""1""}","{""Ana"": ""3"", ""Bea"": ""2"", ""Cam"": ""4"", ""Dan"": ""1"", ""Eli"": ""1""}"
p19,correct,"{""Cup1"": ""tea"", ""Cup2"": ""milk"", ""Cup3"": ""tea""}","{""Cup1"": ""tea"", ""Cup2"": ""milk"", ""Cup3"": ""tea""}"
p20,correct,"{""W"": ""red"", ""Y"": ""black"", ""X"": ""green"", ""Z"": ""blue""}","{""W"": ""red"", ""Y"": ""black"", ""X"": ""green"", ""Z"": ""blue""}"
