id,category,calls,solution
p06,correct,3,"{""black"": 1, ""red"": 2, ""silver"": 3}"
p07,correct,3,"{""Ben"": 1, ""Dee"": 4, ""Ada"": 3, ""Cy"": 2}"
p08,correct,3,"{""A"": ""white"", ""B"": ""gray"", ""C"": ""white""}"
p09,correct,3,"{""Novel"": 1, ""Essays"": 3, ""Comic"": 5, ""Poems"": 4, ""Manual"": 2}"
p10,correct,3,"{""Dishes"": ""Mon"", ""Vacuum"": ""Thu"", ""Trash"": ""Wed"", ""Laundry"": ""Tue""}"
p11,correct,2,"{""X"": ""plum"", ""Y"": ""teal"", ""Z"": ""olive""}"
p12,correct,4,"{""R"": 2, ""S"": 4, ""Q"": 3, ""P"": 1}"
p13,correct,3,"{""Al"": 1, ""Cy"": 2, ""Ed"": 5, ""Bo"": 4, ""Di"": 3}"
p14,correct,3,"{""Lamp1"": ""on"", ""Lamp2"": ""off"", ""Lamp3"": ""on""}"
p15,correct,3,"{""N"": ""red"", ""S"": ""green"", ""E"": ""yellow"", ""W"": ""blue""}"
p16,correct,3,"{""Uma"": ""A"", ""Tom"": ""C"", ""Val"": ""B""}"
p17,correct,4,"{""S1"": ""up"", ""S2"": ""down"", ""S3"": ""up"", ""S4"": ""down""}"
p18,correct,3,"{""Ana"": 4, ""Bea"": 2, ""Eli"": 1, ""Cam"": 3, ""Dan"": 5}"
p19,correct,2,"{""Cup1"": ""tea"", ""Cup2"": ""milk"", ""Cup3"": ""tea""}"
p20,correct,3,"{""W"": ""red"", ""Y"": ""black"", ""X"": ""green"", ""Z"": ""blue""}"
